Date,H-M,M-L,X1,X2,Y1,Y2,M,L,SQ,BQ,Label
2023-04-14-11-31,66.33,35.79,216.75,168.61,22.01,32.65,200.27,236.05,,,stk1_35A
2023-04-14-12-46,67.05,39.53,215.15,169.43,22.21,32.09,199.01,238.54,,,stk1_35A
2023-04-14-14-06,65.08,35.59,212.62,168.22,22.51,32.24,197.28,232.87,,,stk1_35A
2023-04-18-11-21,64.67,34.08,215.54,166.42,21.42,32.87,198,232.09,,,stk1_35A
2023-04-18-12-26,69.04,47.34,221.19,169.2,27.48,33.98,203.12,250.46,,,stk1_35A
2023-04-18-13-21,67.49,34.45,214.66,165.16,22.84,31.76,196.75,231.19,,,stk1_35A
2023-04-18-14-43,62.57,38.88,207.84,167.09,20.89,31.96,197.4,236.28,,,stk1_35A
2023-04-18-15-56,69.01,35.78,223.25,174.53,22.81,33.75,207.17,242.96,,,stk1_35A
2023-04-18-17-02,64.49,35.99,217.18,170.93,21.3,32.71,200.17,236.16,,,stk1_35A
2023-04-19-11-01,65.5,36.12,209.46,166.05,22.11,31.75,196.72,232.84,,,stk1_35A
2023-04-19-12-11,65.95,21.28,210.15,171.07,16.97,31.46,199.62,220.9,,,stk1_35A
2023-04-19-13-57,65.22,34.59,213.32,168.2,23.06,33,197.76,232.35,,,stk1_35A
2023-04-19-16-11,63.79,34.63,215.76,169.37,23.51,32.88,198.44,233.06,,,stk1_35A
2023-04-19-17-21,63.53,40.34,212.76,170.06,19.93,32.45,199.29,239.62,,,stk1_35A
2023-04-20-10-56,61.63,33.03,212.69,166.03,20.5,30.09,195.52,228.54,,,stk1_40A
2023-04-20-11-56,62.29,28.73,211.69,172.37,21.26,30.42,199.75,228.48,,,stk1_40A
2023-04-20-15-46,60.32,22.51,206.01,168.79,15.71,28.75,195.63,218.14,,,stk1_40A
2023-04-20-16-46,61.42,31.86,208.41,171.31,20.05,29.71,197.07,228.93,,,stk1_40A
2023-04-20-17-46,60.12,33.3,215.4,168.64,23.19,29.86,196.93,230.23,,,stk1_40A
2023-04-21-10-47,61.19,33.94,208.9,166.68,19.91,29.9,195.02,228.96,,,stk1_40A
2023-04-21-11-46,67.93,131.75,273.38,172.96,70.84,34.03,203.14,334.89,,,stk1_40A
2023-04-21-12-52,60.18,30.99,213.3,167.4,19.46,28.56,194.58,225.57,,,stk1_40A
2023-04-24-13-02,61.44,30.81,211.23,167.12,23.46,29.58,196.05,226.87,,,stk1_40A
2023-04-24-13-56,61.49,33.13,213.57,166.81,20.78,29.18,194.71,227.84,,,stk1_40A
2023-04-24-15-46,61.96,36.34,212.87,166.7,22.45,29.71,195.52,231.85,,,stk1_40A
2023-04-24-16-56,61.39,34.98,208.34,167.35,21.08,29.57,194.96,229.94,,,stk1_40A
2023-04-24-17-56,61.65,33.95,214.71,166.81,21.51,29.66,195.3,229.25,,,stk1_40A
2023-05-16-11-41,57.86,34.39,390.29,350.34,18.81,26.94,375.16,409.55,,,stk2_40A
2023-05-16-12-42,56.33,37.13,390.91,351.3,20.27,27.38,375.48,412.62,,,stk2_40A
2023-05-16-13-52,57.17,34.3,391.69,351.4,19.22,27.74,377.25,411.55,,,stk2_40A
2023-05-17-13-26,56.81,37.18,389.01,353.34,23.64,26.92,376.6,413.78,,,stk2_40A
2023-05-17-14-26,62.56,80.95,401.9,349.67,38.65,29.38,377.12,458.07,,,stk2_40A
2023-05-17-16-01,57.13,35.45,391.76,350.68,23.4,26.65,376.25,411.7,,,stk2_40A
2023-05-17-17-11,57.33,35.45,389.82,350.09,24.96,27.4,375.72,411.17,,,stk2_40A
2023-05-18-11-41,56.85,34.95,381.41,344.39,18.38,26.77,370.58,405.52,,,stk2_40A
2023-05-18-12-46,58.61,38.24,387.03,347.82,20.72,26.95,373.59,411.82,,,stk2_40A
2023-05-18-14-01,58.24,34.31,388.51,345.36,22.38,27.25,372.42,406.73,,,stk2_40A
2023-05-18-15-36,56.84,23.03,383.36,345.27,15.75,25.55,370.37,393.4,,,stk2_40A
2023-05-18-17-02,57.61,36.21,388.29,344.84,21.31,27.97,371.19,407.41,,,stk2_40A
2023-05-19-12-52,59.84,38.29,389.22,350.12,19.28,27.36,374.32,412.61,,,stk2_40A
2023-05-19-14-07,57.56,38.37,390.26,347.53,24.03,27.66,374.5,412.87,,,stk2_40A
2023-05-22-12-02,57.12,34.91,386.64,345.38,22.36,27.6,369.91,404.81,,,stk2_40A
2023-05-22-13-26,58.68,38.59,386.84,341.34,23.89,28.54,369.22,407.81,,,stk2_40A
2023-05-22-14-26,56.11,35.6,384.38,344.78,22.38,27.52,369.59,405.19,,,stk2_40A
2023-05-22-15-36,57.71,37.31,385.88,342.53,20.27,27.35,369.58,406.89,,,stk2_40A
2023-05-22-16-37,59.77,33.65,389.11,341.62,21.63,26.82,369.47,403.12,,,stk2_40A
2023-05-22-17-31,58.99,34.81,384.98,340.59,20.68,27.39,368.37,403.19,,,stk2_40A
2023-05-23-18-21,63.08,33.26,387.79,348.59,21.86,30.08,374.76,408.02,,,stk1_40A
2023-05-24-12-46,61.58,34.57,394.58,351.31,23.58,29.9,376.63,411.2,,,stk1_40A
2023-05-24-14-16,64.06,33.14,391.82,352.54,19.98,29.07,377.84,410.98,,,stk1_40A
2023-05-24-15-41,61.59,33.26,392.43,351.62,19.33,28.96,376.45,409.71,,,stk1_40A
2023-05-24-16-46,68.7,164.26,460.96,350.22,62.91,33.31,380.9,545.16,,,stk1_40A
2023-05-24-17-57,59.71,36.1,389.59,349.38,22.19,28.12,374.27,410.37,,,stk1_40A
2023-05-25-12-51,60.42,37.27,392.62,352.36,21.33,28.77,376.64,413.91,,,stk1_40A
2023-05-25-14-06,61.17,19.79,386.4,349.47,16.67,28.47,375.68,395.47,,,stk1_40A
2023-05-25-15-26,60.25,35.49,388.02,351.7,20.55,28.52,375.07,410.56,,,stk1_40A
2023-05-25-17-27,59.83,31.6,394.01,352.66,18.59,28.94,376.21,407.81,,,stk1_40A
2023-05-26-12-26,59.89,32.96,393.31,350.98,22.43,28.75,375.13,408.09,,,stk1_40A
2023-05-26-13-41,62.32,33.53,392.98,348.89,20.54,28.28,376.05,409.58,,,stk1_40A
2023-05-26-15-12,62.81,34.94,395.83,351.86,17.79,28.84,379.08,414.02,,,stk1_40A
2023-06-01-12-06,61.01,33.83,390.99,348.55,22.42,29.61,374.83,408.66,,,stk1_40A
2023-06-01-13-06,62.55,33.41,393.55,347.53,23.44,29.84,374.81,408.22,,,stk1_40A
2023-06-01-14-11,63.37,43.12,393.36,347.11,26.41,30.17,374.25,417.37,,,stk1_40A
2023-06-01-15-06,65.55,53.34,395.73,350.01,30.94,31.68,378.05,431.39,,,stk1_40A
2023-06-01-16-26,63.36,35.84,393.63,347.44,24.62,29.7,373.79,409.63,,,stk1_40A
2023-06-01-17-22,76.8,283.61,629.11,354.46,127.41,34.96,382.72,666.33,,,stk1_40A
2023-06-01-18-09,60.76,29.81,383.7,345.59,19.67,27.87,369.76,399.57,,,stk1_40A
2023-06-07-12-26,61.94,33.05,390.92,347.26,20.79,29.02,373.64,406.69,,,stk1_40A
2023-06-07-13-36,61.76,34.87,391.39,348,20.88,29.48,373.95,408.82,,,stk1_40A
2023-06-07-14-26,60.65,21.33,383.93,348.34,17.21,28.61,372.93,394.25,,,stk1_40A
2023-06-07-15-27,62.32,35,392.82,348.06,17.5,29.05,374.73,409.73,,,stk1_40A
2023-06-07-16-46,61.04,35.35,388.92,348.26,23.9,29.01,374.87,410.22,,,stk1_40A
2023-06-07-17-36,59.86,34.48,388.03,348.89,19.98,29.42,374.57,409.06,,,stk1_40A
2023-06-08-11-56,62.04,33.57,390.56,347.48,21.06,29.02,374.83,408.41,,,stk1_40A
2023-06-08-12-46,62.84,32.99,394.48,347.6,19.67,28.31,374.51,407.5,,,stk1_40A
2023-06-08-13-46,63.83,33.01,392.01,348.06,21.04,28.77,375.43,408.44,,,stk1_40A
2023-06-08-14-36,61.83,35.09,390.57,349.12,22.33,28.91,374.42,409.52,,,stk1_40A
2023-06-08-16-03,62.11,37.37,386.65,348.68,20.52,29.49,375.11,412.48,,,stk1_40A
2023-06-08-17-01,62.31,33.74,394.18,348.51,24.1,29.43,374.93,408.67,,,stk1_40A
2023-06-14-12-09,62.87,34.59,392.35,349.22,22.53,29.2,376.33,410.93,,,stk1_40A
2023-06-14-12-56,61.5,37.4,395.89,349.69,22.65,29.97,376.27,413.67,,,stk1_40A
2023-06-14-14-07,60.79,29.67,390.53,350.42,21.97,29.66,375.84,405.52,,,stk1_40A
2023-06-14-15-11,62.07,33.61,395,350.76,21.28,29.53,377.47,411.08,,,stk1_40A
2023-06-14-16-07,61.55,32.7,390.43,350.49,21.3,29.11,376.5,409.2,,,stk1_40A
2023-06-14-17-06,64.02,45.56,394.52,349.2,25.8,30.05,376.88,422.44,,,stk1_40A
2023-06-14-18-11,61.71,32.56,393.61,349.78,20.99,29.38,376.06,408.63,,,stk1_40A
2023-06-15-12-47,62.73,35.29,391.77,350.02,22.33,29.6,376.4,411.69,,,stk1_40A
2023-06-15-13-36,61.9,35.83,392.8,349.73,21.91,29.68,376.31,412.14,,,stk1_40A
2023-06-15-14-46,62.65,33.61,393.51,349.78,23.62,29.63,376.39,410,,,stk1_40A
2023-06-15-15-41,62.99,35.84,387.9,349.35,21.16,29.34,376.71,412.54,,,stk1_40A
2023-06-15-16-36,62.31,38.87,394.18,349.9,21.51,29.11,376.6,415.47,,,stk1_40A
2023-06-15-17-26,63.15,34.91,393.7,350.16,22.22,29.21,377.05,411.96,,,stk1_40A
2023-06-15-18-17,60.37,38.48,392.89,350.47,21.37,29.09,375.15,413.63,,,stk1_40A
2023-06-20-11-41,62.53,37.9,393.76,348.48,22.39,30.18,376.08,413.98,,,stk1_40A
2023-06-20-12-41,64.46,37.85,388.34,347.63,22.8,29.97,375.37,413.22,,,stk1_40A
2023-06-20-13-52,61.96,23.01,380.61,348.57,16.25,28.87,374.99,398,,,stk1_40A
2023-06-20-14-57,62.86,36.02,396.51,348.35,23.51,30.39,375.31,411.33,,,stk1_40A
2023-06-20-15-42,62.19,22.58,382.45,350.15,16.46,29.27,376.3,398.88,,,stk1_40A
2023-06-20-16-56,64.2,36.23,397.45,347.5,21.32,30.18,375.77,412,,,stk1_40A
2023-06-21-12-02,63.87,38.1,395.3,348.39,22.94,30.56,376.11,414.2,,,stk1_40A
2023-06-21-12-51,64.85,35.93,390.11,348.64,22.92,31.01,377.08,413.01,,,stk1_40A
2023-06-21-13-46,63.84,24.22,387.16,349.2,16.03,29.1,376.4,400.62,,,stk1_40A
2023-06-21-14-56,64.55,36.22,393.34,351.1,21.81,31.1,380.13,416.35,,,stk1_40A
2023-06-21-16-07,66.18,38.98,398.03,351.51,23.83,31.41,380.68,419.66,,,stk1_40A
2023-06-21-16-53,63.95,26.04,387.45,348.5,19.33,30.51,375.63,401.67,,,stk1_40A
2023-06-22-11-56,64.61,38.04,394.65,348.39,21.11,30.2,376.99,415.03,,,stk1_40A
2023-06-22-12-45,64.9,37.38,397.16,348.52,25.79,30.53,376.81,414.19,,,stk1_40A
2023-06-22-13-46,62.78,39.64,396.15,349.1,21.47,29.37,375.95,415.59,,,stk1_40A
2023-06-22-14-32,64.7,36.65,394.51,349.55,24.43,29.76,377.06,413.71,,,stk1_40A
2023-06-22-15-52,64.6,39.83,392.11,352.49,23.09,29.96,379.37,419.2,,,stk1_40A
2023-06-22-16-38,65.1,36.98,391.62,352.65,22.7,29.81,378.86,415.84,,,stk1_40A
2023-06-22-17-46,64.08,37.38,392.75,348.69,21.49,30.36,376.7,414.07,,,stk1_40A
2023-06-26-11-41,65.08,36.37,389.9,347.75,22.84,30.73,376.56,412.93,,,stk1_40A
2023-06-26-12-46,64.83,37.17,395.41,347.59,22.72,30.57,376.25,413.42,,,stk1_40A
2023-06-26-13-34,63.89,37.77,397.35,348.34,23.64,30.73,377,414.77,,,stk1_40A
2023-06-26-14-41,67.07,63.23,402.84,350.19,34.61,33.33,381.72,444.94,,,stk1_40A
2023-06-26-15-41,66.27,36.87,396.83,351.07,23.89,31.84,380.72,417.59,,,stk1_40A
2023-06-26-16-51,66.56,40.21,400.91,351.09,25.59,32.82,380.94,421.15,,,stk1_40A
2023-06-26-17-42,67.99,36.32,396.74,351.58,24.8,32.03,380.85,417.16,,,stk1_40A
2023-06-27-11-56,65.03,38.2,398.35,348.78,24.14,29.96,377,415.2,,,stk1_40A
2023-06-27-12-42,64.95,34.64,398.14,349.22,24.85,31.19,377.92,412.55,,,stk1_40A
2023-06-27-13-31,64.75,38.9,397.92,350.3,25.77,30.79,378.08,416.98,,,stk1_40A
2023-06-27-14-31,63.5,24.38,387.96,351.68,17.75,29.99,378.74,403.13,,,stk1_40A
2023-06-27-15-31,65.43,38.16,397.09,352.9,22.79,31.46,380.74,418.89,,,stk1_40A
2023-06-27-17-01,65.46,33.56,403.85,353.17,26.89,31.7,381.5,415.06,,,stk1_40A
2023-06-28-11-41,76.79,40.01,405.89,356.33,24.51,36.76,390.61,430.61,,,stk1_30A
2023-06-28-12-31,75.15,25.87,403.79,356.34,20.76,35.66,389.81,415.68,,,stk1_30A
2023-06-28-13-31,76.69,42.53,406.11,353.41,24.75,36.97,387.07,429.6,,,stk1_30A
2023-06-28-14-26,77.62,41.21,403.12,353.17,24.88,37.06,388.08,429.29,,,stk1_30A
2023-06-28-15-21,78.06,43.76,404.89,354.04,25.14,36.78,388.02,431.78,,,stk1_30A
2023-06-28-16-07,77.37,44.67,405.09,354.64,25.79,36.91,388.47,433.14,,,stk1_30A
2023-06-28-17-16,81.46,55.36,420.5,359.4,33.88,38.73,396.34,451.7,,,stk1_30A
2023-06-29-11-46,75.21,40.44,405.1,355.61,27.38,37.11,389.49,429.93,,,stk1_30A
2023-06-29-12-36,77.75,46.38,404.74,353.24,23.36,37.16,388.37,434.75,,,stk1_30A
2023-06-29-13-26,78.18,44.34,407.18,353.22,27.19,37.29,387.6,431.94,,,stk1_30A
2023-06-29-14-11,77.33,41.17,406.32,353.12,26.49,36.93,388.38,429.55,,,stk1_30A
2023-06-29-15-16,78.61,42.55,411.53,355.56,26.2,36.92,391.56,434.11,,,stk1_30A
2023-06-29-16-03,77.38,40.25,413.02,358.83,25.63,38,394.82,435.07,,,stk1_30A
2023-06-29-17-06,76.52,42.31,407.79,357.84,26.99,38.29,391.88,434.19,,,stk1_30A
2023-06-29-17-52,76.06,46.3,411.12,358.32,28.41,38.66,393.17,439.47,,,stk1_30A
2023-07-03-11-42,78.14,43.77,405.26,352.15,26.32,37.54,388.3,432.07,,,stk1_30A
2023-07-03-12-31,79.27,41.91,407.85,352.64,25.3,37.5,389.2,431.11,,,stk1_30A
2023-07-03-13-36,79.02,41.5,407.72,353.32,26.65,37.57,389.47,430.96,,,stk1_30A
2023-07-03-14-37,79.51,41.06,406.7,354.75,26.32,37.41,391.21,432.27,,,stk1_30A
2023-07-03-15-26,75.12,42.59,406.01,358.46,27.67,38.43,392.3,434.89,,,stk1_30A
2023-07-03-16-36,78.95,40.1,411.24,359.07,23.78,38.33,394.4,434.5,,,stk1_30A
2023-07-03-17-26,81.67,43.93,413.55,358.55,24.91,38.74,397.73,441.66,,,stk1_30A
2023-07-04-11-41,79.28,44.38,407.49,356.6,24.77,37.04,390.78,435.16,,,stk1_30A
2023-07-04-12-36,80.05,40.9,407.91,355.08,23.86,37.71,393.39,434.29,,,stk1_30A
2023-07-04-13-41,79.02,42.27,412.57,360.97,27.37,37.89,397.61,439.88,,,stk1_30A
2023-07-04-14-51,79.37,45.61,409.7,358.81,26,38.22,394.14,439.76,,,stk1_30A
2023-07-04-15-42,80.74,43.8,413.21,359.18,25.34,38.75,395.89,439.69,,,stk1_30A
2023-07-04-16-56,80.6,44.3,411.87,357.96,25.4,38.74,394.25,438.55,,,stk1_30A
2023-07-04-17-56,81.55,45.65,412.43,359.13,25.17,38.76,395.28,440.94,,,stk1_30A
2023-07-05-11-28,79.43,44.9,405.61,355.32,25.61,37.3,390.54,435.44,,,stk1_30A
2023-07-05-12-27,78.72,39.85,409.61,355.26,26.99,37.49,390.71,430.56,,,stk1_30A
2023-07-05-13-16,78.88,43.55,405.38,354.59,25.61,37.67,390.04,433.59,,,stk1_30A
2023-07-05-14-11,78.11,27.49,402.64,355.65,19.45,37.14,390.98,418.47,,,stk1_30A
2023-07-05-15-01,77.57,30.59,403.22,356.57,19.81,37.25,390.17,420.76,,,stk1_30A
2023-07-05-15-57,78.33,45.58,410.4,360.31,27.68,38.84,394.88,440.46,,,stk1_30A
2023-07-05-17-16,77.05,43.04,410.26,359.86,26.43,38.09,393.87,436.91,,,stk1_30A
2023-07-06-11-36,78.46,43.48,404.44,354.92,23.18,37.06,389.62,433.11,,,stk1_30A
2023-07-06-12-36,78.61,57.06,411.21,362.47,29.18,38.56,397.49,454.55,,,stk1_30A
2023-07-06-13-21,80.42,54.27,423.12,363.68,31.91,38.59,399.3,453.56,,,stk1_30A
2023-07-06-14-21,79.44,33.87,407.02,356.92,23.41,36.81,390.41,424.28,,,stk1_30A
2023-07-06-15-06,81.49,58.19,415.26,364.77,32.55,39.02,399.98,458.17,,,stk1_30A
2023-07-06-15-56,81.57,59.68,428.4,364.84,31.13,38.49,401.19,460.87,,,stk1_30A
2023-07-06-16-52,81.43,58.86,417.48,365.49,29.73,39.34,400.62,459.48,,,stk1_30A
2023-07-06-17-38,82.52,55.02,420.35,365.92,30.77,38.98,402.15,457.17,,,stk1_30A
2023-07-10-11-36,80.53,44.39,406.89,356.18,24.65,38.05,391.75,436.14,,,stk1_30A
2023-07-10-12-26,77.52,41.43,408.92,358.35,25.02,38.68,393.43,434.86,,,stk1_30A
2023-07-10-13-16,82.28,42.54,416.21,360.34,25.51,38.23,398.56,441.1,,,stk1_30A
2023-07-10-14-16,80.69,41.77,414.31,359.71,27.28,39.3,396,437.77,,,stk1_30A
2023-07-10-15-27,81.61,61.72,423.78,360.77,30.89,39.78,396.95,458.67,,,stk1_30A
2023-07-10-16-26,79.91,45.47,415.28,360.8,25.65,38.58,395.77,441.24,,,stk1_30A
2023-07-10-17-11,79.76,44.5,412.67,361.42,27.97,38.59,395.94,440.44,,,stk1_30A
2023-07-10-18-06,79.76,44.01,419.84,361.05,26.87,39.02,395.95,439.96,,,stk1_30A
2023-07-11-11-49,97.73,54.42,432.26,364.93,29.33,46.79,411.06,465.48,,,stk1_22A
2023-07-11-12-52,94.94,57.19,433.04,365.6,31.59,47.2,410.36,467.55,,,stk1_22A
2023-07-11-13-41,98.53,56.72,440.2,366.7,31.78,47.35,416.02,472.74,,,stk1_22A
2023-07-11-14-41,97.01,59.18,434.77,360.6,29.09,47.78,412.09,471.27,,,stk1_22A
2023-07-11-15-36,95.2,41.61,425.06,360.4,25.42,46.62,409.96,451.57,,,stk1_22A
2023-07-11-16-26,95.07,58.06,437.01,363.52,29.5,47.45,412.33,470.4,,,stk1_22A
2023-07-11-17-37,98.71,76.99,441.22,362.86,34.2,48.49,414.93,491.92,,,stk1_22A
2023-07-12-12-36,94.67,48.67,424.84,361.95,25.28,46.73,411.51,460.18,,,stk1_22A
2023-07-12-13-26,96.07,47.56,426.15,362.46,25.67,46.64,411.7,459.26,,,stk1_22A
2023-07-12-14-16,97.83,46.3,429.73,367.32,27.13,46.76,415.79,462.09,,,stk1_22A
2023-07-12-15-02,98.38,50.32,427.31,363.82,25.43,47.06,414.48,464.8,,,stk1_22A
2023-07-12-15-51,95.6,48.57,430.84,365.39,26.89,47.88,414.6,463.17,,,stk1_22A
2023-07-12-16-51,97.53,35.9,426.84,364.11,22.23,46.57,413.25,449.15,,,stk1_22A
2023-07-12-17-49,99.74,46.66,431.03,366.32,27.7,48.04,416.84,463.5,,,stk1_22A
2023-07-13-11-50,95.96,48.29,422.76,365.25,28.14,46.39,409.76,458.04,,,stk1_22A
2023-07-13-12-46,95.74,45.71,422.84,360.2,26.04,46.15,409.69,455.41,,,stk1_22A
2023-07-13-13-36,96.96,72.3,437.5,368.35,35.51,47.79,413.77,486.07,,,stk1_22A
2023-07-13-14-43,95.62,45.34,424.2,360.88,25.23,46.51,410.37,455.71,,,stk1_22A
2023-07-13-16-04,99.21,93.58,441.46,370.36,39.88,48.93,415.7,509.29,,,stk1_22A
2023-07-13-17-06,96.49,47.55,435.7,361.88,26.04,46.54,411.76,459.31,,,stk1_22A
2023-07-13-17-51,97.99,48.62,426.13,362.44,24.78,46.84,412.38,461,,,stk1_22A
2023-07-13-19-06,94.65,46.53,426.46,363.84,26.24,47.28,411.72,458.25,,,stk1_22A
2023-07-17-11-50,95.07,49.47,425.1,359.39,25.72,46.73,409.88,459.35,,,stk1_22A
2023-07-17-12-36,95.63,50.06,423.86,360.25,27.25,46.52,410.23,460.29,,,stk1_22A
2023-07-17-13-26,96.49,49.37,426.2,360.3,26.75,46.77,410.62,459.99,,,stk1_22A
2023-07-17-14-16,98.21,45.51,425.59,361.77,28.07,46.61,412.61,458.12,,,stk1_22A
2023-07-17-15-16,95.03,32.59,425.02,361.72,24.35,46.76,410.28,442.87,,,stk1_22A
2023-07-17-16-11,94.89,47.69,424.39,369.22,26.94,47.26,413.21,460.9,,,stk1_22A
2023-07-17-17-11,99.66,48.1,433.07,367.4,26.52,47.71,417.38,465.48,,,stk1_22A
2023-07-17-17-56,99.35,47.68,429.2,362.93,26.26,47.82,415.1,462.78,,,stk1_22A
2023-07-19-11-40,98.44,47.38,422.37,364.55,26.32,47.38,410.1,457.47,,,stk1_22A
2023-07-19-12-42,98.74,48.01,424.59,365.56,28.31,47.3,411.88,459.89,,,stk1_22A
2023-07-19-13-36,98.05,48.71,424.59,361.61,27.39,46.72,412.16,460.87,,,stk1_22A
2023-07-19-14-21,96.18,48.87,427.13,369.07,26.99,47.22,412.88,461.75,,,stk1_22A
2023-07-19-15-46,95.87,33.15,427.04,361,23.65,46.91,411.05,444.2,,,stk1_22A
2023-07-19-16-36,96.76,33.23,412.23,361.62,21.93,47.65,412.23,445.46,,,stk1_22A
2023-07-19-17-41,100.49,46.8,429.13,362.32,28.7,47.89,414.49,461.29,,,stk1_22A
2023-07-20-13-11,96.99,46.62,424.27,360.51,26.08,46.36,410.42,457.04,,,stk1_22A
2023-07-20-13-56,97.1,46.84,424.69,361.22,27.58,46.67,411.73,458.57,,,stk1_22A
2023-07-20-14-57,99.65,98.06,442.74,369.41,41.73,48.96,416.08,514.14,,,stk1_22A
2023-07-25-11-25,82.1,44.88,413.23,358.91,28.08,38.64,396.26,441.14,,,stk1_30A
2023-07-25-12-21,81.17,49.16,412.93,360.84,25.92,39.07,396.81,445.97,,,stk1_30A
2023-07-25-12-48,80.59,45.94,411.6,358.01,26.43,38.68,395.01,440.95,,,stk1_30A
2023-07-25-14-23,82.97,42.7,415.67,357.47,27.28,38.96,399.2,441.9,,,stk1_30A
2023-07-25-15-16,82.01,45.81,416.38,362.6,27.87,40.27,399.48,445.29,,,stk1_30A
2023-07-25-16-01,81.78,45.94,415.37,362.52,26.46,39.54,399.5,445.44,,,stk1_30A
2023-07-25-16-51,79.69,47.64,415.81,363.04,26.41,39.85,398.66,446.3,,,stk1_30A
2023-07-25-17-37,83.29,43.28,415.58,360.39,25.99,40.01,400.39,443.67,,,stk1_30A
2023-07-26-10-57,96.54,47.26,424.08,360.39,27.07,46.3,411.03,458.3,,,stk1_22A
2023-07-26-11-46,95.79,49.3,424.71,367.18,26.9,46.68,411.89,461.19,,,stk1_22A
2023-07-26-12-31,97.03,44.31,426.58,361.86,26.19,46.89,413.09,457.4,,,stk1_22A
2023-07-26-14-16,98.28,49.39,428.29,363.27,24.92,47.26,413.41,462.8,,,stk1_22A
2023-07-26-15-06,98.4,44.12,427.26,362.92,25.79,47.74,414.67,458.78,,,stk1_22A
2023-07-26-16-01,98.46,45.99,429.3,367.14,24.95,46.75,416.53,462.53,,,stk1_22A
2023-07-26-16-51,84.88,11.3,403.29,365.3,38.66,47.45,403.29,414.59,,,stk1_22A
2023-07-27-11-46,95.55,47.43,425.19,361.02,28.07,47.26,411.48,458.91,,,stk1_22A
2023-07-27-12-36,97.5,45.24,426.67,362.13,28.55,47.38,412.74,457.99,,,stk1_22A
2023-07-27-13-26,97.39,49.77,425.84,362.47,25.84,46.72,412.84,462.61,,,stk1_22A
2023-07-27-14-36,97.48,50.97,428.41,362.87,26.42,46.96,413.7,464.67,,,stk1_22A
2023-07-27-15-26,95.59,49.13,427.42,364.7,26.29,47.99,413.88,463.01,,,stk1_22A
2023-07-27-16-11,95.9,45.95,428.23,364.26,28.39,47.17,413.93,459.88,,,stk1_22A
2023-07-27-17-01,98.84,74.12,439.86,370.24,35.48,48.62,416.44,490.56,,,stk1_22A
2023-07-27-17-51,95.38,48.76,427.27,364.4,29.54,48.19,413.93,462.69,,,stk1_22A
2023-07-31-11-46,80.13,45.72,411.26,360.81,26.97,38.8,396.84,442.55,,,stk1_30A
2023-07-31-12-36,81.14,44.53,416.09,361.77,27.72,39.26,397.27,441.8,,,stk1_30A
2023-07-31-13-32,79.66,44.11,415.84,362.5,26.59,39.53,397.28,441.39,,,stk1_30A
2023-07-31-14-26,81.67,43.43,413.4,363.44,26.02,39.25,398.98,442.41,,,stk1_30A
2023-07-31-15-17,82.82,43.76,416.79,363.57,27.54,39.4,399.99,443.75,,,stk1_30A
2023-07-31-16-05,81.1,44.97,420.24,365.42,26.23,39,402.54,447.51,,,stk1_30A
2023-07-31-16-51,80.57,45.66,419.82,365.81,27.14,39.26,402.63,448.29,,,stk1_30A
2023-07-31-17-41,83.94,49.59,418.11,364.98,25.79,39.17,402.5,452.1,,,stk1_30A
2023-07-31-18-26,84.99,45.49,422.19,363.76,27.98,39.45,403.78,449.27,,,stk1_30A
2023-08-01-11-46,97.75,48.09,430.14,362.99,28.01,47.24,413.69,461.78,,,stk1_22A
2023-08-01-12-32,97.66,46.65,427.89,363.43,27.83,47.71,414.79,461.44,,,stk1_22A
2023-08-01-13-21,97.37,48.59,429.08,364.75,27.73,47.59,414.6,463.19,,,stk1_22A
2023-08-01-14-06,96.85,45.59,430.91,371.67,27.66,47.42,418.18,463.77,,,stk1_22A
2023-08-01-14-53,100.87,47.31,435.05,371.05,27.8,47.35,420.16,467.46,,,stk1_22A
2023-08-01-15-42,98.53,47.6,428.63,365.52,27.18,48.16,416.84,464.44,,,stk1_22A
2023-08-01-16-27,98.14,48.77,431.61,365.87,29.1,48.07,416.98,465.75,,,stk1_22A
2023-08-03-11-35,65.46,41.52,397.76,355.8,22.6,32.4,384.55,426.07,,,stk1_40A
2023-08-03-12-21,67.4,38.74,398.41,355.81,25.84,32.17,383.72,422.46,,,stk1_40A
2023-08-03-13-07,68.96,37.35,406.77,355.24,24.31,32.42,384.43,421.78,,,stk1_40A
2023-08-03-13-58,69.79,36.58,397.63,355.64,22.06,32.87,386,422.58,,,stk1_40A
2023-08-03-14-51,69.87,35.74,402.55,359.32,25.34,32.25,387.57,423.31,,,stk1_40A
2023-08-03-15-36,70.13,40.66,408.53,357.01,26.54,32.29,388.3,428.96,,,stk1_40A
2023-08-03-16-21,69.64,41.51,408.09,354.11,25.7,31.98,386.09,427.59,,,stk1_40A
2023-08-03-17-06,70.39,40.33,405.8,357.13,27.23,32.77,387.02,427.34,,,stk1_40A
2023-08-07-12-27,81.38,35.22,414.19,367.76,24.12,38.25,397.8,433.02,,,stk1_30A
2023-08-07-13-01,81.5,43.02,416.29,363.7,27.72,39.11,399.01,442.04,,,stk1_30A
2023-08-07-13-51,82.88,46.09,415.5,363.87,26.2,39.8,400.16,446.25,,,stk1_30A
2023-08-07-14-37,82.1,45.54,416.87,364.16,27.83,39.7,400.35,445.89,,,stk1_30A
2023-08-07-15-26,81.44,31.02,409.3,359.73,19.42,39.2,398.79,429.81,,,stk1_30A
2023-08-07-16-21,80.56,45.45,417.69,364.5,27.71,40.2,399.64,445.09,,,stk1_30A
2023-08-07-17-07,83.45,46.86,417.79,362.03,26.64,39.6,401.7,448.57,,,stk1_30A
2023-08-07-17-51,82.38,45.38,419.22,364.18,28.41,40.05,400.79,446.17,,,stk1_30A
2023-08-08-11-56,67.04,39.81,405.5,354.52,24.46,31.45,385.83,425.65,,,stk1_40A
2023-08-08-12-41,66.51,35.56,404.64,357.2,24.96,32.33,384.9,420.46,,,stk1_40A
2023-08-08-13-31,68.07,42.57,407.44,355.54,26.03,32.7,383.59,426.16,,,stk1_40A
2023-08-08-14-17,67.22,26.89,394.73,357.84,19.07,31.57,384.48,411.37,,,stk1_40A
2023-08-08-15-04,68.81,38.61,407.04,355.27,24.7,32.98,384.63,423.24,,,stk1_40A
2023-08-08-15-51,70.65,43.66,408.89,358.65,22.5,31.56,387.43,431.1,,,stk1_40A
2023-08-08-16-36,69.7,41.7,408.77,353.73,24.85,32.72,386.96,428.66,,,stk1_40A
2023-08-08-17-25,70.67,38.81,404.72,357.97,23.63,33.02,388.17,426.98,,,stk1_40A
2023-08-09-14-22,61.64,42.04,397.42,351.59,23.51,29.23,381.49,423.53,,,stk2_40A
2023-08-09-15-08,61.11,38.06,399.44,351.94,21.95,29.45,380.93,418.99,,,stk2_40A
2023-08-09-15-56,62.54,41.97,396.23,354.88,22.6,29.45,381.35,423.33,,,stk2_40A
2023-08-09-16-42,56.99,23.99,385.91,351.43,16.51,28.83,377.13,401.12,,,stk2_40A
2023-08-09-17-28,62.28,37.88,397.01,351.43,23.41,29.87,381.77,419.65,,,stk2_40A
2023-08-09-18-14,60.83,40.82,400.02,356.18,20.73,30,381.29,422.11,,,stk2_40A
2023-08-10-14-47,61.37,37.98,396.24,354.52,22.57,29.43,380.41,418.39,,,stk2_40A
2023-08-10-15-35,62.39,40.59,401.76,355.3,23.15,29.54,383.3,423.89,,,stk2_40A
2023-08-10-16-20,62.98,40.26,402.24,357.03,21.41,29.52,384.8,425.06,,,stk2_40A
2023-08-10-17-06,61.63,40.92,402.99,353.01,25.69,29.09,382.56,423.48,,,stk2_40A
2023-08-16-11-41,61.06,40.46,395.78,352.51,24.5,28.93,378.94,419.4,,,stk2_40A
2023-08-16-12-26,59.73,36.16,396.86,350.1,22.51,28.75,378.95,415.1,,,stk2_40A
2023-08-16-13-16,63.27,63.83,408.99,354.42,33.19,30.48,381.82,445.65,,,stk2_40A
2023-08-16-14-04,64.9,75.3,410.76,352.01,41.19,31.88,381.03,456.33,,,stk2_40A
2023-08-16-15-40,61.39,38.52,396.64,351.99,25.71,29.22,380.62,419.14,,,stk2_40A
2023-08-16-16-25,62.26,35.54,396.12,354.86,24.32,28.96,380.67,416.21,,,stk2_40A
2023-08-16-17-16,61.41,42.28,397.77,351.51,23.22,29.5,379.92,422.2,,,stk2_40A
2023-08-16-18-01,60.36,43.79,394.98,354.05,22.01,29.02,379.51,423.3,,,stk2_40A
2023-08-17-11-51,60.02,37.67,389.98,351.2,23.4,28.85,375.83,413.5,,,stk2_40A
2023-08-17-13-21,58.38,38.85,394.19,354.69,23.88,28.46,378.9,417.74,,,stk2_40A
2023-08-17-14-07,58.32,37,397.45,354.8,21.98,29.04,379.33,416.33,,,stk2_40A
2023-08-17-14-56,61.14,32.92,392.08,351.39,17.21,28.35,377.2,410.12,,,stk2_40A
2023-08-17-15-41,60.46,39.54,396.33,355.02,24.02,28.96,380.82,420.36,,,stk2_40A
2023-08-17-16-26,62.89,39.95,402.4,355.26,24.02,28.92,382.86,422.81,,,stk2_40A
2023-08-17-17-11,61.87,38.31,399.16,354.63,23.59,29.27,382.57,420.88,,,stk2_40A
2023-08-17-17-56,62.6,37.1,395.86,353.63,23.73,28.71,380.45,417.56,,,stk2_40A
2023-08-17-18-41,62.58,40.71,394.88,353.26,21.14,29.34,379.49,420.2,,,stk2_40A
2023-08-21-11-46,59.31,38.39,391.55,350.17,27,29.11,375.33,413.72,,,stk2_40A
2023-08-21-12-31,60.09,38.75,394.09,350.18,24.92,29.15,376.56,415.31,,,stk2_40A
2023-08-21-13-17,63.35,37.22,396.44,349.61,21.99,29.46,377.34,414.56,,,stk2_40A
2023-08-21-14-03,63.25,53.81,404.79,351.44,32.56,30.55,379.9,433.71,,,stk2_40A
2023-08-21-14-49,64.37,68.67,411.47,350.19,37.62,31.48,379.45,448.12,,,stk2_40A
2023-08-21-15-35,62.29,39.26,395.01,351.11,25.08,29.1,377.48,416.74,,,stk2_40A
2023-08-21-16-20,62.24,39.23,396.4,352.67,24.42,29.64,378.79,418.02,,,stk2_40A
2023-08-21-17-06,62.06,38.98,395.97,352.12,25.35,29.29,378.57,417.55,,,stk2_40A
2023-08-21-17-51,62.67,40.81,396.92,352.02,23.61,29.59,378.89,419.7,,,stk2_40A
2023-08-22-11-31,72.68,43.95,403.02,353.92,24.75,34.48,385.96,429.91,,,stk2_30A
2023-08-22-13-47,72.26,47.14,400.6,355.01,24.37,34.37,387.39,434.53,,,stk2_30A
2023-08-22-14-32,71.37,27.8,402.18,351.44,21.05,34.27,386.26,414.06,,,stk2_30A
2023-08-22-15-17,70.83,46.58,402.68,352.34,26.79,34.62,387.98,434.56,,,stk2_30A
2023-08-22-16-02,71.48,50.42,409.56,349.5,25.6,34.96,384.62,435.04,,,stk2_30A
2023-08-24-11-47,72.66,41.57,397.97,350.68,24.46,34.13,383.73,425.29,,,stk2_30A
2023-08-24-12-41,73.75,44.96,396.21,350.88,27.61,34.72,384.05,429.01,,,stk2_30A
2023-08-24-13-27,73.04,41.87,408.92,354.04,26.79,34.96,389.06,430.93,,,stk2_30A
2023-08-24-14-12,74.89,47.15,407.32,354.88,25.57,35.88,391.05,438.21,,,stk2_30A
2023-08-24-14-57,73.97,45.22,400.92,351.16,27.19,35.73,387.99,433.22,,,stk2_30A
2023-08-24-15-42,73.76,45.62,404.75,350.54,26.59,35.61,388,433.63,,,stk2_30A
2023-08-24-16-28,72.52,28.22,398.83,348.36,20.53,34.14,384.1,412.32,,,stk2_30A
2023-08-24-17-13,74.84,45.44,402.43,355.16,24.8,35.21,388.14,433.58,,,stk2_30A
2023-08-28-11-48,70.48,45.6,400.8,353.41,24.7,34.64,386.09,431.69,,,stk2_30A
2023-08-28-12-34,71.7,45.22,409.44,355.27,25.27,35.77,388.17,433.39,,,stk2_30A
2023-08-28-13-26,72.86,47.72,403.37,355.77,24.5,35.13,388.79,436.51,,,stk2_30A
2023-08-28-14-14,72.85,42.7,404.89,355.36,27.37,34.9,389.24,431.94,,,stk2_30A
2023-08-28-15-01,74.53,48.27,405.56,351.17,26.72,35.41,389.92,438.19,,,stk2_30A
2023-08-28-15-46,73.55,47.88,404.42,356.53,27.37,35.52,389.6,437.48,,,stk2_30A
2023-08-28-16-32,73.87,47.74,406.49,356.11,26.88,35.84,389.84,437.59,,,stk2_30A
2023-08-28-17-18,72.72,51.2,405.59,356.55,26.07,35.47,389.77,440.98,,,stk2_30A
2023-08-28-18-03,74.5,50.99,405.91,356.79,27.13,35.6,390.15,441.14,,,stk2_30A
2023-08-29-12-01,71.44,51.65,399.63,354.42,27.89,34.94,386.99,438.65,,,stk2_30A
2023-08-29-12-46,71.47,45.99,402.35,351.46,24.58,35.35,389.03,435.02,,,stk2_30A
2023-08-29-13-32,72.56,32.76,399.23,348.76,21.32,34.35,385.62,418.38,,,stk2_30A
2023-08-29-14-17,70.99,39.64,398.4,353.07,22.71,34.05,384.44,424.07,,,stk2_30A
2023-08-29-15-16,74.89,45.4,403.84,356.32,26.44,34.88,389.47,434.87,,,stk2_30A
2023-08-29-16-02,73.66,49.05,405.79,352.25,26.17,35.8,389.09,438.14,,,stk2_30A
2023-08-29-16-51,75.16,44.36,413.18,352.41,27.65,36.04,390.15,434.51,,,stk2_30A
2023-08-29-17-36,74.12,43.93,413.05,357.41,29.35,35.66,389.57,433.5,,,stk2_30A
2023-08-29-18-22,73.65,46.39,405,352.4,29.83,35.97,389.8,436.19,,,stk2_30A
2023-08-30-11-46,71.53,45.65,403.32,354.17,26.89,34.22,387.8,433.45,,,stk2_30A
2023-08-30-12-47,72.03,45.55,403.37,356.48,27.19,35.47,389.06,434.61,,,stk2_30A
2023-08-30-14-27,73.01,44.25,406.22,357.83,27.35,35.03,390.31,434.56,,,stk2_30A
2023-08-30-15-13,73.98,46.58,406.46,357.22,27,34.84,390.78,437.36,,,stk2_30A
2023-08-30-16-01,74.12,47.89,406.65,357.27,27.59,35.44,390.06,437.95,,,stk2_30A
2023-08-30-16-47,72.61,49.2,406.58,352.38,27.28,35.47,388.54,437.74,,,stk2_30A
2023-08-31-11-47,71.29,48.63,403.89,356.5,24.91,34.95,389.16,437.79,,,stk2_30A
2023-08-31-12-32,72.26,42.4,405.67,352.9,25.09,35.29,390.28,432.68,,,stk2_30A
2023-08-31-15-16,75.51,49.1,406.99,357.56,27.1,34.98,391.38,440.48,,,stk2_30A
2023-08-31-16-26,75.42,47.77,408.72,354.59,28.79,36.09,392.76,440.53,,,stk2_30A
2023-09-04-11-51,72.45,45.08,409.77,358.39,24.89,35.2,392.49,437.57,,,stk2_30A
2023-09-04-12-41,74.91,46.67,409.44,358.76,27.3,36.01,393.9,440.58,,,stk2_30A
2023-09-04-13-51,75.6,51.1,409.07,358.69,27.25,36.33,393.78,444.88,,,stk2_30A
2023-09-04-14-36,76.44,48.97,408.75,359.6,26.91,35.97,394.81,443.79,,,stk2_30A
2023-09-04-15-21,74.32,46.2,407.01,359.41,27.19,36.38,393.72,439.93,,,stk2_30A
2023-09-04-16-06,76.56,50.21,407.22,360.38,25.48,36.31,394.87,445.09,,,stk2_30A
2023-09-04-16-51,75.47,48.5,411.66,360.73,28.31,35.9,394.48,442.98,,,stk2_30A
2023-09-04-17-36,75.3,47.6,411.79,359.85,27.51,36.46,393.89,441.49,,,stk2_30A
2023-09-05-11-46,74.92,48.97,410.47,359.24,27.71,35.55,394.18,443.15,,,stk2_30A
2023-09-05-12-41,75.45,50.25,409.53,359.04,28.57,35.7,393.04,443.29,,,stk2_30A
2023-09-05-13-27,75.17,49.72,410.01,359.85,26.57,36.05,393.34,443.06,,,stk2_30A
2023-09-05-14-15,74.63,45.59,410.85,356.09,28.93,35.88,394.04,439.63,,,stk2_30A
2023-09-05-15-01,74.49,45.89,410.83,356.25,25.59,36.25,394.33,440.22,,,stk2_30A
2023-09-05-15-46,75.48,50.24,412.54,356.52,28.43,36.11,395.2,445.44,,,stk2_30A
2023-09-05-16-41,74.65,50.04,420.13,356.64,28.28,36.37,395.42,445.45,,,stk2_30A
2023-09-05-17-36,75.36,51.17,409.89,361.99,26.22,36.45,395.2,446.37,,,stk2_30A
2023-09-06-11-51,69.4,44.51,396.76,349.09,26.56,32.22,380.99,425.51,,,stk2_35A
2023-09-06-13-36,68.73,49.19,401.72,350.36,25.53,32.53,382.7,431.89,,,stk2_35A
2023-09-06-14-26,69.56,45.77,404.16,350.85,29.38,32.86,383.66,429.43,,,stk2_35A
2023-09-06-15-11,68.39,47.5,403.64,351.87,24.67,32.93,384.37,431.87,,,stk2_35A
2023-09-06-15-58,67.68,44.43,405.87,360.81,26.49,33.26,389.94,434.37,,,stk2_35A
2023-09-06-16-43,71.02,41.31,410.55,361.28,27.45,33.75,392.86,434.17,,,stk2_35A
2023-09-06-17-31,68.82,46.49,407.78,356.17,28.62,32.52,388.82,435.31,,,stk2_35A
2023-09-07-11-51,67.77,43.71,395.47,348.91,26.43,32.4,380.84,424.55,,,stk2_35A
2023-09-07-12-41,68.4,48.19,398.39,349.68,27.26,32.51,381.58,429.77,,,stk2_35A
2023-09-07-13-26,67.19,35.28,394.83,350.45,21.01,31.57,380.42,415.7,,,stk2_35A
2023-09-07-14-12,68.4,44.35,402.57,350,25.04,32.94,382.75,427.1,,,stk2_35A
2023-09-07-15-01,66.12,26.34,393.6,353.48,20.71,31.47,383.69,410.03,,,stk2_35A
2023-09-07-15-46,64.83,52.41,401.47,355.14,26.32,32.66,385.31,437.72,,,stk2_35A
2023-09-07-16-32,66.92,44.11,401.47,354.27,26.01,32.41,385.98,430.09,,,stk2_35A
2023-09-11-11-44,70.05,42.41,400.26,348.71,25.45,33.03,382.68,425.09,,,stk2_35A
2023-09-11-12-38,68.96,46.9,399.88,350.29,25.96,32.13,382.69,429.59,,,stk2_35A
2023-09-11-13-26,69.86,44.56,400.59,350.76,26.24,32.29,383.2,427.76,,,stk2_35A
2023-09-11-14-12,68.6,44.58,403.67,351.12,27.75,32.62,383.11,427.69,,,stk2_35A
2023-09-11-14-59,67.56,44.9,401.53,351.15,26.99,32.35,383.37,428.27,,,stk2_35A
2023-09-11-15-47,66.72,44.26,400.54,352.2,26.17,31.7,383.44,427.69,,,stk2_35A
2023-09-11-16-32,68.68,44.05,400.91,351.06,25.43,32.94,383.39,427.45,,,stk2_35A
2023-09-11-17-17,67.12,44.69,403.44,352.8,26.24,32.62,385.28,429.98,,,stk2_35A
2023-09-11-18-02,67.6,43.93,400.47,352.36,24.87,32.88,385.2,429.13,,,stk2_35A
2023-09-12-11-51,68.2,46.97,401.23,349.91,26.46,31.72,381.71,428.68,,,stk2_35A
2023-09-12-12-40,68.51,47.59,399.09,350.03,24.12,32.82,381.84,429.43,,,stk2_35A
2023-09-12-13-31,68.23,45.35,400.7,350.56,26.66,32.35,382.55,427.91,,,stk2_35A
2023-09-12-14-16,69.42,47.23,397.72,351.43,27.32,32.77,383.18,430.4,,,stk2_35A
2023-09-12-15-01,68.67,46.09,404.11,350.9,25.04,32.68,383.56,429.66,,,stk2_35A
2023-09-12-15-46,68.65,47.84,401.32,351.8,26.56,32.54,383.96,431.79,,,stk2_35A
2023-09-12-16-31,66.44,47.16,404.06,353.18,26.38,32.38,384.89,432.04,,,stk2_35A
2023-09-12-17-16,69.57,44.96,401.87,352.62,28.49,32.71,385.3,430.26,,,stk2_35A
2023-09-13-11-41,68.27,44.3,397.7,348.69,25.61,32.81,380.32,424.62,,,stk2_35A
2023-09-13-12-26,67.85,46.58,399.21,348.89,25.88,32.1,381.33,427.91,,,stk2_35A
2023-09-13-13-13,65,27.49,395.3,354.59,18.49,31.64,383.24,410.73,,,stk2_35A
2023-09-13-13-58,65.94,47.15,402.16,351.78,25.42,32.96,383.62,430.76,,,stk2_35A
2023-09-13-14-43,67.56,45.14,405.29,352.55,28.19,32.8,384.43,429.57,,,stk2_35A
2023-09-13-15-29,65.81,45.61,402.63,353.98,26.35,33.16,384.77,430.38,,,stk2_35A
2023-09-13-16-15,64.48,47.9,402.18,353.9,25.23,33.23,384.34,432.24,,,stk2_35A
2023-09-13-17-02,66.45,45.72,410.01,353.9,28.36,33.2,385.14,430.86,,,stk2_35A
2023-09-13-18-01,67.62,45.91,402.23,355.76,29.41,33.47,386.47,432.38,,,stk2_35A
2023-09-14-11-46,75.94,50.35,407.42,359.08,29.13,36.2,393.35,443.69,,,stk2_30A
2023-09-14-12-32,76.16,51,407.38,354.57,26.58,36.14,393.07,444.08,,,stk2_30A
2023-09-14-13-21,75.53,48.28,415.82,359.68,28.8,36.03,393.46,441.73,,,stk2_30A
2023-09-14-14-07,76.19,48.86,420.87,359.32,27.57,36.38,396.19,445.05,,,stk2_30A
2023-09-14-14-52,77.55,50.34,422.81,360.35,29.41,36.15,396.82,447.17,,,stk2_30A
2023-09-14-15-37,77.58,55.09,415.59,360.66,29.67,36.06,394.5,449.59,,,stk2_30A
2023-09-14-16-23,77.12,51.5,411,355.86,27.23,36.41,394.73,446.23,,,stk2_30A
2023-09-18-11-41,75.48,47.68,411.79,359.77,29.73,35.87,394.6,442.29,,,stk2_30A
2023-09-18-12-33,77.7,47.03,412.49,360.08,29.78,36.6,395.55,442.59,,,stk2_30A
2023-09-18-13-19,75.36,49.82,410.47,361.11,27.77,36.33,394.87,444.69,,,stk2_30A
2023-09-18-14-04,75.29,50.3,414.5,361.07,29.96,36.82,396.04,446.34,,,stk2_30A
2023-09-18-14-48,76.55,50.16,412.8,361.41,26.93,36.47,396.43,446.59,,,stk2_30A
2023-09-18-15-35,75,30.19,410.17,357.15,20.68,36.17,394.63,424.82,,,stk2_30A
2023-09-18-16-20,75.08,31.33,409.8,356.48,21.07,35.52,394.48,425.81,,,stk2_30A
2023-09-18-17-06,76.56,47.9,410.43,358.93,28.94,36.98,393.18,441.07,,,stk2_30A
2023-09-18-17-51,74.61,50.74,410.75,353.75,27.25,36.94,392.6,443.34,,,stk2_30A
2023-09-19-11-46,73.75,44.36,407.68,359.42,27.29,36.13,393.91,438.27,,,stk2_30A
2023-09-19-13-46,75.12,51.73,407.82,360.66,27.62,36.19,394.22,445.94,,,stk2_30A
2023-09-19-14-31,76.23,49.9,412.75,361.28,26.4,36.11,394.93,444.82,,,stk2_30A
2023-09-19-15-16,75.53,51.27,411.93,361.2,26.61,36.21,394.61,445.88,,,stk2_30A
2023-09-19-16-01,76.49,51.49,409.15,356.41,26.89,36.69,394.74,446.23,,,stk2_30A
2023-09-19-16-46,75.95,50.6,410.44,356.76,27.37,36.83,394.61,445.21,,,stk2_30A
2023-09-19-17-31,75.69,47.57,410.79,356.73,27.3,36.6,395.02,442.59,,,stk2_30A
2023-09-20-11-42,75.39,48.81,409.96,360.72,27.6,35.85,394.8,443.61,,,stk2_30A
2023-09-20-12-32,75.49,50.54,409.17,360.74,29.56,36.5,394.27,444.82,,,stk2_30A
2023-09-20-13-18,76.18,51.12,412.27,359.67,26.65,36.31,394.26,445.38,,,stk2_30A
2023-09-20-14-05,76.12,51.49,413.01,356.11,29.08,36.72,393.75,445.24,,,stk2_30A
2023-09-21-11-43,75.16,45.3,409.96,355.66,27.49,36.19,393.52,438.82,,,stk2_30A
2023-09-21-13-36,75.21,50.15,411.14,360.21,27.81,36.57,394.25,444.4,,,stk2_30A
2023-09-21-14-26,76.97,49.45,412.32,355.02,28.5,36.06,394.27,443.72,,,stk2_30A
2023-09-21-15-12,76.78,51.89,411.57,359.89,28.7,36.54,393.96,445.85,,,stk2_30A
2023-09-21-15-57,76.58,49.39,412.25,355.65,26.62,37.12,394.27,443.66,,,stk2_30A
2023-09-21-16-46,75.8,52.4,407.63,355.01,27.53,36.85,393.39,445.8,,,stk2_30A
2023-09-21-17-31,75.93,50.13,408.66,355.18,27.98,37.08,394.46,444.59,,,stk2_30A
2023-09-25-11-47,75.06,50.05,410.23,359.67,28.88,36.92,394.01,444.05,,,stk2_30A
2023-09-25-12-32,75.33,49.74,408.77,360.46,28.54,36.24,394.68,444.42,,,stk2_30A
2023-09-25-13-56,76.58,46.34,411.43,355.31,26.69,36.84,395.02,441.35,,,stk2_30A
2023-09-25-14-42,76.31,49.5,410.88,355.39,26.37,36.56,394.07,443.57,,,stk2_30A
2023-09-25-15-27,75.55,51.11,411.47,355.88,27.65,36.89,394.25,445.36,,,stk2_30A
2023-09-25-16-12,74.96,46.61,411.44,355.49,28.67,36.39,393.98,440.59,,,stk2_30A
2023-09-25-17-02,75.13,50.96,409.2,356.05,26.65,36.83,393.35,444.32,,,stk2_30A
2023-09-25-17-47,74.96,50.25,408.57,360,28.82,36.37,394.19,444.44,,,stk2_30A
2023-09-25-18-32,74.19,47.22,409.74,356.44,25.54,36.55,394.12,441.34,,,stk2_30A
2023-10-04-11-42,72.95,44.9,408.72,359.13,27.64,36.59,392.19,437.09,,,stk2_30A
2023-10-04-12-27,74.53,47,416.56,355.73,28.1,36.91,390.94,437.93,,,stk2_30A
2023-10-04-13-14,76.7,49.12,404.41,355.23,28.99,36.68,390.46,439.58,,,stk2_30A
2023-10-04-14-06,76.1,52.35,409.01,350.18,27.48,36.58,389.38,441.73,,,stk2_30A
2023-10-04-14-52,73.06,47.72,403.7,356.75,27.17,36.13,389.43,437.15,,,stk2_30A
2023-10-04-15-37,76.87,45.4,408.39,354.27,27.58,36.63,388.94,434.34,,,stk2_30A
2023-10-04-16-22,76.57,45.89,403.69,349.18,27.11,36.32,388.77,434.66,,,stk2_30A
2023-10-04-17-07,77.08,55.7,405.81,349.21,26.83,36.14,388.23,443.92,,,stk2_30A
2023-10-04-17-52,77.87,47.53,404.81,349.64,26.83,36.63,388.89,436.42,,,stk2_30A
2023-10-05-14-13,76.28,46.64,408.47,354.27,26.21,36.51,392.17,438.82,,,stk2_30A
2023-10-05-14-58,76.1,44.61,408.55,354.44,26.13,36.21,392.35,436.96,,,stk2_30A
2023-10-05-15-44,74.64,45.64,405.3,353.99,25.87,36.8,390.85,436.49,,,stk2_30A
2023-10-05-16-30,74,45.23,404.59,353.91,27.13,36.99,390.73,435.95,,,stk2_30A
2023-10-05-17-15,77.76,57.62,413.45,349.67,28.96,36.91,388.3,445.92,,,stk2_30A
2023-10-05-18-00,74.31,47.96,408.17,354.78,27.11,36.53,390.24,438.2,,,stk2_30A
2023-10-12-16-21,77.18,50.31,408.94,352.17,28.74,36.17,390.05,440.35,,,stk2_30A
2023-10-12-17-17,78,51.85,415.62,350.86,27.89,36.37,390.74,442.59,,,stk2_30A
2023-10-16-13-21,84.31,49.71,415.85,366.18,27.91,40.93,400.56,450.27,,,stk2_25A
2023-10-16-14-08,86.88,51.17,415.02,359.65,28.2,40.96,402.41,453.57,,,stk2_25A
2023-10-16-14-53,83.87,34.93,412.95,359.91,22,40.27,399.78,434.71,,,stk2_25A
2023-10-16-15-38,84.23,37.21,400.24,358.99,21.69,40.23,400.24,437.44,,,stk2_25A
2023-10-16-16-25,85.39,50.93,424.72,360.38,27.25,41.31,401.43,452.36,,,stk2_25A
2023-10-17-11-42,84.84,52.45,412.49,358.66,29.21,40.99,400.56,453.01,,,stk2_25A
2023-10-17-13-30,85.56,53.29,423.93,359.98,29.38,40.55,400.94,454.23,,,stk2_25A
2023-10-17-14-19,84.41,54.19,418.1,360.03,26.11,40.61,400.17,454.37,,,stk2_25A
2023-10-17-15-24,84.44,52.33,424.29,359.66,27.97,40.67,400.17,452.5,,,stk2_25A
2023-10-17-16-15,85.88,52.86,413.74,359.51,28.02,40.79,400.71,453.57,,,stk2_25A
2023-10-17-17-42,86.32,49.94,418.93,360.34,26.73,40.61,402.03,451.97,,,stk2_25A
2023-10-17-18-28,84.99,51.57,425.59,361.1,27.11,41.1,401.88,453.45,,,stk2_25A
2023-10-18-11-34,85.06,52.43,415.28,358.95,27.44,40.82,400.25,452.68,,,stk2_25A
2023-10-18-12-29,84.77,50.62,425.15,359.43,29.8,40.52,400.49,451.12,,,stk2_25A
2023-10-18-13-15,85.91,49.72,416.22,359.73,29.21,41.25,401.14,450.86,,,stk2_25A
2023-10-18-14-02,85.79,54.18,415.58,360.16,28.13,40.94,401.34,455.52,,,stk2_25A
2023-10-18-14-47,85.26,54.25,414.31,359.65,29.19,40.89,400.89,455.13,,,stk2_25A
2023-10-18-15-32,84.76,50.56,422.71,359.62,27.97,40.86,400.37,450.93,,,stk2_25A
2023-10-18-16-17,84.93,52.5,423.14,359.86,26.43,40.44,400.1,452.6,,,stk2_25A
2023-10-18-17-04,82.18,35.67,415.79,360.46,22.28,40.16,399.04,434.71,,,stk2_25A
2023-10-18-17-49,85.95,52.4,417.56,360.7,28.13,40.76,400.98,453.37,,,stk2_25A
2023-10-18-18-36,85.84,52.47,414.64,361.37,27.09,40.72,401.29,453.76,,,stk2_25A
2023-10-19-11-40,84.01,50.49,418,360.27,27.43,40.48,401.57,452.06,,,stk2_25A
2023-10-19-12-37,84.98,52.4,416.76,360.96,27.93,41.06,401.76,454.17,,,stk2_25A
2023-10-19-13-24,84.42,49.79,415.36,360.79,28.66,40.96,401.52,451.31,,,stk2_25A
2023-10-19-14-45,85.03,50.48,425.51,361.47,27.31,41.01,401.94,452.42,,,stk2_25A
2023-10-19-15-30,84.53,45.12,416.76,361.46,27.55,40.78,401.79,446.9,,,stk2_25A
2023-10-19-16-15,86.06,55.16,416.87,361.11,29.09,41.42,402.44,457.6,,,stk2_25A
2023-10-19-17-11,85.13,48.77,429.11,365.18,26.99,40.49,404.58,453.35,,,stk2_25A
2023-10-19-17-56,86.96,53.59,429.16,360.29,27.41,41.23,405.43,459.02,,,stk2_25A
2023-10-19-18-41,86.31,53.04,427.63,363.01,28.15,41.17,403.58,456.61,,,stk2_25A
2023-10-23-11-59,85.63,50.16,419.71,364.18,27.66,41.07,406.23,456.39,,,stk2_25A
2023-10-23-13-31,84.93,53.14,420.52,365.51,28.4,40.98,405.82,458.95,,,stk2_25A
2023-10-23-14-21,85.24,48.37,423.45,366.81,27.29,41.01,407.29,455.67,,,stk2_25A
2023-10-23-15-21,86.13,55.09,435.19,366.79,27.64,41.22,407.76,462.84,,,stk2_25A
2023-10-23-16-06,84.76,36.95,422.29,365.78,22.81,40.32,406.1,443.05,,,stk2_25A
2023-10-23-16-51,84.71,52.16,422.34,366.74,25.82,41.28,406.99,459.16,,,stk2_25A
2023-10-23-17-36,86.41,52.33,423.22,366.66,28.29,40.88,406.14,458.47,,,stk2_25A
2023-10-23-18-21,86.47,49.05,419.98,363.93,26.99,40.82,405.55,454.6,,,stk2_25A
2023-10-24-11-45,85.43,53.55,428.87,366.04,26.72,40.99,407.55,461.09,,,stk2_25A
2023-10-24-13-26,85.66,49.18,421.58,364.97,29.14,40.93,406.6,455.78,,,stk2_25A
2023-10-24-14-11,85.64,54.52,430.54,367,27.31,41.19,406.77,461.3,,,stk2_25A
2023-10-24-14-57,86.2,52.06,424.04,366.29,27.08,40.77,407.13,459.19,,,stk2_25A
2023-10-24-15-50,87.06,52.63,421.84,366.2,28.17,40.61,407.31,459.94,,,stk2_25A
2023-10-24-16-36,85.77,52.37,419.69,365.79,28.71,41.2,406.5,458.87,,,stk2_25A
2023-10-24-17-22,86.35,52.39,422.47,365.01,29.58,41.53,406.35,458.74,,,stk2_25A
2023-10-24-18-29,86.55,53.42,420.11,363.91,28.83,41.19,405.11,458.53,,,stk2_25A
2023-10-25-11-46,85.36,51.73,428.64,366.31,29.41,41.4,407.9,459.63,,,stk2_25A
2023-10-25-13-26,85.54,52.98,422.49,367.81,27.37,40.83,408.18,461.17,,,stk2_25A
2023-10-25-14-10,86.84,48.43,423.24,367.52,26.21,41.08,408.86,457.29,,,stk2_25A
2023-10-25-15-00,85.51,51.16,422.21,367.42,27.09,40.84,407.93,459.09,,,stk2_25A
2023-10-25-15-54,85.41,51.09,431.61,368.47,28.05,40.81,408.19,459.28,,,stk2_25A
2023-10-25-16-41,87.56,54.43,422.58,367.96,28.16,41.27,408.87,463.3,,,stk2_25A
2023-10-25-17-30,86.5,53.72,432.73,367.56,27.73,40.45,408.66,462.38,,,stk2_25A
2023-10-26-11-26,85.95,56.01,426.15,368.88,28.56,40.79,409.73,465.75,,,stk2_25A
2023-10-26-13-55,87,50.82,424.8,369.89,28.26,41.41,411.3,462.12,,,stk2_25A
2023-10-26-14-41,86.83,52.31,427.62,370.98,28.25,40.77,411.25,463.56,,,stk2_25A
2023-10-26-15-26,85.63,53.34,425.33,370.97,28.93,40.67,412.22,465.57,,,stk2_25A
2023-10-26-16-16,84.96,49.45,428.92,371.58,28.2,41.6,411.85,461.3,,,stk2_25A
2023-10-26-17-01,85.71,54.52,426.72,370.73,29.81,40.38,411.23,465.76,,,stk2_25A
2023-10-26-18-01,84.5,36.62,427.6,371.63,24.48,40.27,410.17,446.79,,,stk2_25A
2023-10-31-11-45,86.23,58.02,428.02,368.04,28.88,42.18,410,468.02,,,stk2_25A
2023-10-31-13-36,85.94,54.21,432.6,370.14,29.38,41.46,411.78,465.99,,,stk2_25A
2023-10-31-14-22,85.77,53.14,425.89,369.97,29.37,41.26,411.56,464.7,,,stk2_25A
2023-10-31-15-07,85.31,50.13,426.1,371.23,28.63,40.77,411.91,462.03,,,stk2_25A
2023-10-31-15-53,84.44,52.45,429.59,372.53,28.2,42.11,413.41,465.86,,,stk2_25A
2023-10-31-16-38,83.75,55.69,426.21,372.42,28.9,41.4,412.71,468.4,,,stk2_25A
2023-10-31-17-23,86.78,67.57,440.47,371.66,33.22,42.26,414.27,481.84,,,stk2_25A
2023-11-01-11-50,86.31,50.56,425.6,370.5,29.31,40.99,413.26,463.83,,,stk2_25A
2023-11-01-13-30,86.09,48.7,436.58,371.64,27.55,41.15,412.89,461.59,,,stk2_25A
2023-11-01-14-16,87.8,51.46,431.62,376.38,26.74,41.28,416.23,467.69,,,stk2_25A
2023-11-01-15-00,86.96,56.35,440.63,371.87,26.46,41.2,417.35,473.7,,,stk2_25A
2023-11-01-15-46,86.87,52.66,429.45,372.73,29.2,41.63,413.32,465.98,,,stk2_25A
2023-11-01-16-31,86.11,52.74,436.05,372.92,26.5,41.62,414.11,466.85,,,stk2_25A
2023-11-01-17-17,87.85,51.7,428.62,373.14,26.38,41.47,414.41,466.11,,,stk2_25A
2023-11-02-14-11,85.74,55.92,428.07,371.6,25.99,41.21,412.52,468.44,,,stk2_25A
2023-11-02-15-01,87.56,50.12,425.56,372.69,30.95,41.84,413.08,463.21,,,stk2_25A
2023-11-02-16-41,85.49,52.95,426.94,371.67,28.28,41.04,411.64,464.59,,,stk2_25A
2023-11-02-17-26,83.92,50.21,436.38,371.55,29.44,41.64,412.2,462.41,,,stk2_25A
2023-11-07-11-46,86.52,51.4,423.08,368.55,26.93,41.33,409.73,461.13,,,stk2_25A
2023-11-07-12-36,86.49,49.04,426.86,369.74,28.4,41.99,411.58,460.62,,,stk2_25A
2023-11-07-13-23,86.08,50.63,424.5,370.37,29.79,41.99,412.2,462.83,,,stk2_25A
2023-11-07-14-20,87.1,45.01,424.44,370.37,28.32,41.74,410.96,455.97,,,stk2_25A
2023-11-07-15-05,86.23,47.74,426.62,370.11,26.7,41.38,410.52,458.26,,,stk2_25A
2023-11-07-15-51,84.39,54.2,421.76,370.29,26.37,41.29,409.68,463.88,,,stk2_25A
2023-11-07-16-36,85.26,35.5,423.61,368.79,21.41,40.83,407.72,443.21,,,stk2_25A
2023-11-07-17-26,84.34,49.21,424.69,370.54,29.72,41.54,409.75,458.96,,,stk2_25A
2023-11-08-11-46,88.61,48.93,424.87,368.3,27.25,41.48,411.16,460.09,,,stk2_25A
2023-11-08-13-36,88.4,50.73,426.38,370,26.51,41.15,412.1,462.82,,,stk2_25A
2023-11-08-14-26,85.33,101.59,439.74,374.92,44.98,44.31,412.81,514.4,,,stk2_25A
2023-11-08-15-15,86.69,49.97,426.64,370.45,28.22,40.84,410.61,460.57,,,stk2_25A
2023-11-08-16-14,87.57,52.74,425.19,369.32,27.28,40.94,410.34,463.08,,,stk2_25A
2023-11-08-17-03,85.71,50.67,424.86,369.47,28.34,41.49,409.81,460.48,,,stk2_25A
2023-11-08-17-49,86.02,52.33,423.45,369.18,26.29,41.12,409.08,461.42,,,stk2_25A
2023-11-09-10-53,70.28,46.01,410.21,362.44,28.47,33.67,393.66,439.67,,,stk2_35A
2023-11-09-11-40,68.94,44.42,412.79,362.86,27.13,33.41,393.75,438.17,,,stk2_35A
2023-11-09-12-25,67.77,45.72,412.33,363.25,27.28,33.5,393.75,439.48,,,stk2_35A
2023-11-09-13-10,69.14,46.11,413.71,363.63,27.36,33.66,395.16,441.27,,,stk2_35A
2023-11-09-13-55,71.09,43.99,412.74,364.66,26.64,33.29,395.69,439.69,,,stk2_35A
2023-11-09-14-41,72.92,102.22,435.2,365.23,47.8,36.21,399.31,501.52,,,stk2_35A
2023-11-09-15-26,69.01,47.66,414.29,364.73,26.93,33.37,395.77,443.44,,,stk2_35A
2023-11-09-16-11,68.99,46.03,417.18,365.38,30.34,33.24,395.65,441.67,,,stk2_35A
2023-11-09-16-56,69.39,48.46,411.98,365.78,26.08,33.37,396.32,444.78,,,stk2_35A
2023-11-09-17-42,68.81,49.55,415.59,364.99,26.71,33.47,395.25,444.8,,,stk2_35A
2023-11-13-11-51,65.28,38.36,404.32,354.78,23.53,31.22,385.93,424.3,,,stk2_40A
2023-11-13-13-28,63.19,39.33,403.56,358.49,26.55,30.9,384.82,424.15,,,stk2_40A
2023-11-13-14-13,63.64,38.51,407.51,358.98,24.53,30.93,386.06,424.57,,,stk2_40A
2023-11-13-14-58,63.29,39.39,406.33,355.55,23.03,30.29,385.98,425.37,,,stk2_40A
2023-11-13-15-43,63.12,37.56,404.6,355.68,22.89,30.55,385.02,422.58,,,stk2_40A
2023-11-13-16-30,63.55,42.83,403.12,355.52,22.28,30.35,385.23,428.06,,,stk2_40A
2023-11-13-17-16,63.65,38.13,402.79,358.34,23.11,30.57,386.33,424.46,,,stk2_40A
2023-11-14-11-47,63.58,39.2,404.01,357.56,24.28,30.94,384.47,423.67,,,stk2_40A
2023-11-14-13-24,65.4,38.22,405.78,355.16,22.77,29.83,385.53,423.75,,,stk2_40A
2023-11-14-14-13,62.97,38.23,396.57,356.61,22.01,30.71,385.1,423.32,,,stk2_40A
2023-11-14-14-58,64.13,37.54,405.56,355.34,22.45,30.29,385.09,422.63,,,stk2_40A
2023-11-14-15-43,62.45,40.5,398.19,354.88,21.83,29.25,384.34,424.84,,,stk2_40A
2023-11-14-16-31,64.13,50.23,411.32,361.46,30.39,31.09,387.47,437.7,,,stk2_40A
2023-11-14-17-17,64.31,53.76,408.19,360.39,31.23,30.87,388.28,442.05,,,stk2_40A
2023-11-14-18-21,64.81,37.88,399.78,356.73,22.32,29.26,385.61,423.49,,,stk2_40A
2023-11-15-11-46,68.52,43.16,405.21,360.28,25.01,33.3,393.96,437.12,,,stk2_35A
2023-11-15-12-41,70.33,38.84,413.64,360.61,24.75,33.13,394.02,432.85,,,stk2_35A
2023-11-15-13-36,67.37,44.21,407.92,361.19,26.65,33.35,391.97,436.18,,,stk2_35A
2023-11-15-14-26,69.64,40.72,400.39,363.94,26.95,33.33,393.24,433.96,,,stk2_35A
2023-11-15-15-56,68.29,39.61,407.08,364.2,24.24,33.32,393.01,432.62,,,stk2_35A
2023-11-15-16-56,67.23,44.25,414.34,365.01,23.75,33.53,392,436.25,,,stk2_35A
2023-11-15-17-41,69.58,41.51,414.3,355.94,24.08,33.43,392.96,434.47,,,stk2_35A
2023-11-15-18-36,68.71,44.51,404.12,360.72,24.17,32.7,391.55,436.06,,,stk2_35A
2023-11-15-19-22,67.54,40.7,405.67,358.93,29.54,32.78,390.24,430.94,,,stk2_35A
2023-11-22-12-31,92.59,50.84,434.92,372.27,28.99,45.96,416.77,467.62,,,stk2_22A
2023-11-27-11-46,90.84,50.87,423.15,374.63,29.57,46.15,412.84,463.71,,,stk2_22A
2023-11-27-14-00,91.03,37.57,413.17,370.35,23.05,45.89,413.17,450.74,,,stk2_22A
2023-11-27-14-46,92.82,36.74,416.07,372.78,23.04,45.55,416.07,452.81,,,stk2_22A
2023-11-27-15-32,94.27,57.17,435.83,371.34,26.67,45.34,416.35,473.52,,,stk2_22A
2023-11-27-16-17,91.84,52.19,433.78,373.16,28.62,45.41,415.86,468.05,,,stk2_22A
2023-11-27-17-03,92.83,55.37,425.81,373.22,28.18,46.22,416.22,471.59,,,stk2_22A
2023-11-27-17-48,92.38,55.73,434.4,372.38,28.39,46.27,415.59,471.32,,,stk2_22A
2023-11-27-20-01,94.66,51.45,434.94,377.72,28.64,45.58,414.68,466.13,,,stk2_22A
2023-11-27-20-49,94.33,52.8,434.76,370.67,29.46,45.5,413.74,466.54,,,stk2_22A
2023-11-28-11-49,93.3,47.29,434.16,376.79,28.47,46.24,414.73,462.02,,,stk2_22A
2023-11-28-13-36,92.58,50.1,424.4,371.53,29.32,46.22,414.81,464.92,,,stk2_22A
2023-11-28-14-21,92.46,51.24,423.96,370.81,27.87,45.9,413.83,465.07,,,stk2_22A
2023-11-28-15-07,92.11,50.73,433.62,371.55,26.68,45.72,413.68,464.41,,,stk2_22A
2023-11-28-15-53,90.33,48.18,431.37,370.78,27.46,45.64,412.41,460.59,,,stk2_22A
2023-11-28-16-38,90.4,52.73,430.51,370.6,28.57,46.08,412.57,465.3,,,stk2_22A
2023-11-28-17-24,93.57,52.02,430.62,370.49,26.98,45.77,412.58,464.6,,,stk2_22A
2023-11-28-18-51,94.23,53.86,430.24,368.3,28.39,45.91,410.53,464.39,,,stk2_22A
2023-11-28-19-44,94.29,52.11,421.81,368.44,27.19,45.3,411.62,463.73,,,stk2_22A
2023-11-29-12-16,92.23,50.21,433.41,371.71,28.09,46.71,414.47,464.68,,,stk2_22A
2023-11-29-13-06,91.52,52.38,434.45,371.38,28.37,45.81,414.28,466.66,,,stk2_22A
2023-11-29-14-00,92.96,53.18,425.35,371.26,29.23,46.07,413.77,466.95,,,stk2_22A
2023-11-29-14-49,92.14,49.98,431.41,369.82,27.66,46.57,412.34,462.32,,,stk2_22A
2023-11-29-15-35,93.19,47.06,424.54,370.52,28.66,45.75,412.35,459.41,,,stk2_22A
2023-11-29-16-20,91.28,51.86,422.5,370.93,28.05,46.26,412.58,464.45,,,stk2_22A
2023-11-29-17-06,91.54,49.28,423.75,371.21,29.2,46.69,412.42,461.7,,,stk2_22A
2023-11-29-17-51,90.27,51.48,431.81,377.43,27.24,45.6,412.62,464.11,,,stk2_22A
2023-11-29-18-37,92.31,50.46,430.05,369.81,27.94,45.41,411.65,462.12,,,stk2_22A
2023-11-29-19-31,92.19,52.13,430.31,369.29,25.03,45.83,410.69,462.82,,,stk2_22A
2023-11-30-13-31,92.11,51.73,429.41,375.51,25.74,45.28,410.76,462.5,,,stk2_22A
2023-11-30-14-21,91.84,49.39,421.03,368.67,27.31,45.37,410.61,460,,,stk2_22A
2023-11-30-15-11,90.99,50.24,429.17,375.52,25.87,45.72,411.34,461.58,,,stk2_22A
2023-11-30-15-58,90.67,47.18,420.79,369.85,27.82,46.12,411.52,458.7,,,stk2_22A
2023-11-30-16-47,92.78,47.54,429.64,369.69,27.64,46.09,411.5,459.03,,,stk2_22A
2023-11-30-17-46,92.08,50.55,420.95,368.54,28.47,45.58,410.83,461.37,,,stk2_22A
2023-12-04-11-46,92.06,50.46,440.9,383.44,30.35,46.58,421.32,471.78,,,stk2_22A
2023-12-04-13-37,92.25,50.34,432.97,376.44,26.23,46.73,420.2,470.54,,,stk2_22A
2023-12-04-14-42,93.65,56.37,439.46,379.33,28.45,46.25,422.49,478.85,,,stk2_22A
2023-12-04-15-27,95.88,58.07,441.22,379.87,29.4,46.16,424.39,482.46,,,stk2_22A
2023-12-04-16-12,93.63,58.85,442.41,378.55,30.32,47.13,422.32,481.18,,,stk2_22A
2023-12-04-17-08,94.73,58.73,442.52,379.16,29.87,47.3,422.23,480.96,,,stk2_22A
2023-12-04-17-53,95.86,56.59,443.98,379.7,30.57,47.18,423.31,479.91,,,stk2_22A
2023-12-05-11-49,94.29,55.04,442.07,379.66,29.85,46.07,423.39,478.43,,,stk2_22A
2023-12-05-12-56,95.02,52.49,444.78,380.34,29.88,45.9,423.83,476.32,,,stk2_22A
2023-12-05-13-27,95.41,55.56,442.27,380.11,29.12,46.25,423.43,478.99,,,stk2_22A
2023-12-05-14-59,95.44,57.33,439.88,379.77,28.96,46.69,423.41,480.74,,,stk2_22A
2023-12-05-15-44,92.99,53.54,441.51,379.84,28.73,46.41,421.42,474.96,,,stk2_22A
2023-12-05-16-29,93.61,54.29,434.19,379.01,28.93,46.27,421.9,476.19,,,stk2_22A
2023-12-05-17-14,95.66,51.24,440.44,380.08,28.85,45.89,423.23,474.48,,,stk2_22A
2023-12-05-17-59,94.42,58.24,440.64,378.55,29.04,46.1,421.98,480.22,,,stk2_22A
2023-12-05-18-47,93.66,51.14,440.81,378.77,29.84,46.47,421.66,472.8,,,stk2_22A
2023-12-05-19-45,93.88,52.57,439.53,378.96,29.12,46.56,421.11,473.69,,,stk2_22A
2023-12-06-10-52,92.19,51.83,442.55,379.44,29.71,45.59,422.04,473.87,,,stk2_22A
2023-12-06-11-41,92.71,53.58,441.27,379.52,29.09,46.66,421.38,474.96,,,stk2_22A
2023-12-06-12-34,94.7,52.23,440.38,379.16,30.26,46.54,421.9,474.13,,,stk2_22A
2023-12-06-13-43,94.65,52.23,435.77,379.94,30.93,46.27,422.24,474.47,,,stk2_22A
2023-12-06-14-28,93.55,55.63,442.32,380.05,27.85,46.2,422.33,477.96,,,stk2_22A
2023-12-06-15-13,94.49,53.55,441.87,374.33,28.06,46.2,422.59,476.15,,,stk2_22A
2023-12-06-16-02,95.02,53.42,431.89,379.5,30.05,47.21,422.69,476.11,,,stk2_22A
2023-12-06-16-53,91.59,40.38,433.32,381.19,25.88,45.81,421.49,461.87,,,stk2_22A
2023-12-06-17-44,95.05,52.01,454.07,379.94,30.02,46.51,422.52,474.53,,,stk2_22A
2023-12-06-18-33,94.43,49.62,440.84,378.37,30.72,46.38,420.92,470.53,,,stk2_22A
2023-12-07-11-02,92.27,51.66,429.74,378.96,28.83,46.33,421.19,472.84,,,stk2_22A
2023-12-07-11-47,92.12,51.74,431.23,380.13,29.94,46.59,422.15,473.89,,,stk2_22A
2023-12-07-12-33,91.09,49.98,432.89,379.94,28.96,46.24,421.79,471.78,,,stk2_22A
2023-12-07-13-19,92.26,53.59,435.99,380.62,29.21,46.58,422.48,476.07,,,stk2_22A
2023-12-07-14-04,93.11,52.55,442.87,380.42,29.41,45.85,422.4,474.94,,,stk2_22A
2023-12-07-14-49,90.82,48.78,442.14,381.96,25.87,45.79,422.52,471.3,,,stk2_22A
2023-12-07-15-34,91.4,48.92,440.98,382.16,27.28,45.66,422.59,471.5,,,stk2_22A
2023-12-07-16-19,93.39,53.64,434.73,381.21,28.96,45.89,423.84,477.48,,,stk2_22A
2023-12-07-17-04,94.05,52.76,440.54,380.97,28.55,46.21,422.88,475.65,,,stk2_22A
2023-12-07-17-49,95.24,54.39,442.62,379.87,29.43,46.48,423.18,477.56,,,stk2_22A
2023-12-07-21-17,90.36,48.63,448.14,388.15,30.71,45.3,428.3,476.93,,,stk2_22A
2023-12-12-11-48,63.87,35.36,403.65,360.22,24.29,30.7,386.99,422.35,,,stk2_40A
2023-12-12-12-32,63.28,39.38,401.69,359.42,25.08,30.38,387.46,426.85,,,stk2_40A
2023-12-12-13-21,63.83,36.86,400.74,360.42,23.01,31.04,388.31,425.16,,,stk2_40A
2023-12-12-14-16,56.35,38.62,401.8,361.75,22.16,31.85,387.6,426.22,,,stk2_40A
2023-12-12-15-04,62.82,35.37,396.95,357.85,25.23,31.91,388.06,423.43,,,stk2_40A
2023-12-12-15-49,58.49,37.71,403.73,360.88,24.96,30.45,387.67,425.38,,,stk2_40A
2023-12-12-16-34,61.79,34.68,403.54,361.12,27.53,30.69,387.77,422.45,,,stk2_40A
2023-12-12-17-22,63.4,35.76,412.96,359.2,23.16,30.83,390.48,426.24,,,stk2_40A
2023-12-12-18-27,62.36,39.55,403.38,363.17,24.24,31.65,388.63,428.18,,,stk2_40A
2023-12-12-20-09,59.25,39.78,403.23,363.48,24.89,29.29,388.05,427.84,,,stk2_40A
2023-12-13-11-29,68.63,41.18,405,362.23,28.05,33.44,393.16,434.34,,,stk2_35A
2023-12-13-12-21,68.68,43.53,416.88,362.54,24.21,32.72,393.36,436.88,,,stk2_35A
2023-12-13-13-26,68.27,42.75,410.08,364.05,26.31,32.92,393.54,436.29,,,stk2_35A
2023-12-13-14-11,68.11,44.95,415.98,363.44,25.15,33.56,393.79,438.73,,,stk2_35A
2023-12-13-14-56,69.88,46.71,416.88,358.8,25.33,33.23,394.44,441.15,,,stk2_35A
2023-12-13-15-41,68.77,40.27,419.2,359.82,23.35,32.6,394.2,434.47,,,stk2_35A
2023-12-13-16-40,69.15,40.54,417.25,363.96,25.16,32.1,394.07,434.61,,,stk2_35A
2023-12-13-17-26,69.09,38.28,407.46,363.72,24.87,33.5,395.06,433.34,,,stk2_35A
2023-12-13-18-29,68.63,38.47,405.16,358.44,23.19,32.98,393.88,432.35,,,stk2_35A
2023-12-13-19-16,69.77,41.4,401.8,359.23,26.17,33.16,393.72,435.13,,,stk2_35A
2023-12-14-10-16,73.98,44.02,410.78,362.9,28.57,36.95,398.29,442.31,,,stk2_30A
2023-12-14-11-01,76.16,49.73,406.78,360.5,24.34,36.4,397.26,446.99,,,stk2_30A
2023-12-14-11-46,75.97,46.31,411.47,361.13,26.91,36.38,399.05,445.36,,,stk2_30A
2023-12-14-12-32,74.38,43.32,408.82,366.84,27.02,36.58,397.79,441.11,,,stk2_30A
2023-12-14-13-31,77.53,43.95,418.76,361.56,26.84,36.89,399.11,443.05,,,stk2_30A
2023-12-14-14-21,75.94,49.05,414.24,365.38,27.36,35.89,398.29,447.34,,,stk2_30A
2023-12-14-15-06,75.09,47.24,412.54,365,26.46,36.81,397.25,444.49,,,stk2_30A
2023-12-14-15-53,76.03,48.52,420.31,361.24,24.39,36.97,397.08,445.6,,,stk2_30A
2023-12-14-16-38,75.52,45.83,410.03,360.6,26.24,36.27,396.83,442.67,,,stk2_30A
2023-12-14-17-28,75.97,43.88,407.5,364.57,27.53,37.05,396.76,440.65,,,stk2_30A
2024-01-02-11-43,95.09,53.58,441.8,383.84,30.41,46.76,421.2,474.78,,,stk2_22A
2024-01-02-13-27,96.29,51.63,444.67,381.36,31.28,47.93,425.14,476.77,,,stk2_22A
2024-01-02-14-12,96.0,55.65,444.02,381.8,29.46,48.42,426.05,481.7,,,stk2_22A
2024-01-02-14-57,95.89,55.96,446.82,382.61,29.18,47.75,426.08,482.04,,,stk2_22A
2024-01-02-15-46,96.73,57.61,444.59,382.74,28.87,47.87,426.37,483.98,,,stk2_22A
2024-01-02-16-34,96.73,55.45,446.92,382.39,30.73,47.33,427.01,482.46,,,stk2_22A
2024-01-02-17-22,96.9,57.35,438.59,383.49,30.84,47.62,427.01,484.36,,,stk2_22A
2024-01-02-18-34,96.47,54.11,440.04,384.04,29.79,47.31,427.13,481.24,,,stk2_22A
2024-01-02-19-19,96.43,55.4,446.46,384.3,31.5,48.12,427.71,483.11,,,stk2_22A
2024-01-17-10-16,63.65,36.31,394.49,350.41,23.07,31.46,377.8,414.11,,,stk2_40A
2024-01-17-11-06,65.13,34.02,401.0,355.73,20.74,30.2,383.64,417.65,,,stk2_40A
2024-01-17-13-06,63.1,39.06,396.1,353.53,24.5,29.79,383.27,422.34,,,stk2_40A
2024-01-17-13-56,63.75,37.92,397.01,359.75,22.1,30.83,386.65,424.57,,,stk2_40A
2024-01-17-14-57,64.04,39.21,393.96,354.59,23.65,30.62,384.53,423.74,,,stk2_40A
2024-01-17-15-50,65.29,36.32,394.72,355.34,20.42,30.22,385.97,422.3,,,stk2_40A
2024-01-17-16-38,60.96,35.13,404.23,359.22,19.76,30.1,384.89,420.02,,,stk2_40A
2024-01-17-17-24,63.02,36.75,402.41,360.95,21.84,30.07,386.7,423.45,,,stk2_40A
2024-01-17-18-10,62.29,38.32,410.14,361.65,22.82,30.55,386.2,424.52,,,stk2_40A
2024-01-18-11-21,63.18,37.15,397.18,351.8,24.93,30.64,382.99,420.14,,,stk2_40A
2024-01-18-12-06,63.54,37.91,396.84,360.62,21.79,30.26,386.76,424.67,,,stk2_40A
2024-01-18-12-53,62.04,38.95,400.46,356.97,24.44,30.37,386.66,425.62,,,stk2_40A
2024-01-18-13-40,63.37,38.38,403.4,356.49,26.63,30.85,386.12,424.5,,,stk2_40A
2024-01-18-14-26,63.58,38.18,401.16,356.61,22.58,30.68,386.47,424.65,,,stk2_40A
2024-01-18-15-25,63.29,34.77,408.05,359.38,20.15,30.42,385.2,419.97,,,stk2_40A
2024-01-24-11-16,62.4,38.22,401.19,353.24,20.74,30.31,378.46,416.68,,,stk2_40A
2024-01-24-12-47,63.39,37.55,394.43,357.04,23.46,29.89,383.58,421.13,,,stk2_40A
2024-01-24-13-54,62.81,39.94,391.42,357.91,22.07,30.07,382.61,422.55,,,stk2_40A
2024-01-24-14-56,63.73,38.84,405.51,353.9,21.87,30.25,384.17,423.01,,,stk2_40A
2024-01-24-15-43,62.63,35.41,407.03,356.49,24.11,30.15,385.59,421.01,,,stk2_40A
2024-01-24-16-50,64.58,37.46,401.68,353.87,26.66,30.09,384.17,421.62,,,stk2_40A
2024-01-25-11-10,63.99,40.86,397.21,352.24,21.58,30.77,383.05,423.91,,,stk2_40A
2024-01-25-13-03,61.26,39.01,395.12,359.5,21.6,30.19,383.7,422.71,,,stk2_40A
2024-01-25-13-50,62.42,33.76,397.92,357.01,22.35,30.1,387.66,421.41,,,stk2_40A
2024-01-25-14-51,64.48,38.6,393.09,361.14,20.93,30.75,386.67,425.27,,,stk2_40A
2024-01-25-15-40,63.57,34.74,395.44,357.64,23.49,30.17,386.92,421.65,,,stk2_40A
2024-01-25-16-26,62.05,37.93,406.84,361.44,20.44,30.2,386.08,424.01,,,stk2_40A
2024-01-25-17-16,63.63,37.3,399.02,360.7,22.28,29.75,385.39,422.69,,,stk2_40A
2024-01-29-11-10,62.67,41.47,395.47,352.53,23.12,30.65,379.57,421.04,,,stk2_40A
2024-01-29-13-01,64.21,38.03,399.94,352.62,22.82,30.79,382.44,420.47,,,stk2_40A
2024-01-29-13-48,63.14,39.83,402.39,359.25,20.51,30.76,384.23,424.06,,,stk2_40A
2024-01-29-14-35,63.98,36.32,402.93,355.61,22.36,30.26,385.9,422.23,,,stk2_40A
2024-01-29-15-20,63.69,37.84,403.41,355.44,24.78,30.86,385.94,423.78,,,stk2_40A
2024-01-29-16-07,64.33,38.0,407.78,359.79,21.9,29.41,385.31,423.31,,,stk2_40A
2024-01-29-17-18,61.22,24.45,395.68,358.25,16.93,29.16,381.86,406.31,,,stk2_40A
2024-01-29-18-10,64.95,39.5,407.47,358.54,23.52,30.78,384.65,424.15,,,stk2_40A
2024-01-30-11-18,61.72,37.86,399.19,351.19,20.87,30.36,381.61,419.47,,,stk2_40A
2024-01-30-12-56,63.88,36.77,402.42,353.59,23.18,30.15,384.61,421.38,,,stk2_40A
2024-01-30-13-42,60.7,37.39,407.42,361.33,20.02,30.18,385.81,423.21,,,stk2_40A
2024-01-30-14-30,63.31,37.4,396.94,361.84,22.54,30.41,386.91,424.3,,,stk2_40A
2024-01-30-15-16,61.61,37.99,411.2,359.24,22.69,30.1,387.63,425.62,,,stk2_40A
2024-01-30-16-04,63.15,39.13,398.62,357.85,24.94,31.13,386.16,425.29,,,stk2_40A
2024-01-30-16-50,64.28,39.48,401.83,363.19,27.52,29.14,388.96,428.44,,,stk2_40A
2024-01-30-17-35,65.34,39.47,404.49,364.02,24.31,31.0,388.29,427.76,,,stk2_40A
2024-01-31-11-06,64.68,41.95,399.29,353.26,23.56,30.54,383.99,425.94,,,stk2_40A
2024-01-31-12-51,62.64,35.06,403.33,359.99,19.39,29.26,385.26,420.32,,,stk2_40A
2024-01-31-13-36,62.48,36.09,405.97,363.88,25.5,30.21,387.58,423.67,,,stk2_40A
2024-01-31-14-23,62.24,37.62,399.9,358.69,22.62,30.65,387.81,425.43,,,stk2_40A
2024-01-31-15-16,55.82,6.2,381.56,362.56,19.89,30.41,381.56,387.76,,,stk2_40A
2024-01-31-15-29,64.88,38.27,393.85,360.6,21.98,29.74,386.71,424.98,,,stk2_40A
2024-01-31-16-17,63.91,39.97,404.22,357.0,23.0,29.81,386.68,426.65,,,stk2_40A
2024-01-31-17-04,60.91,39.46,397.46,361.0,22.02,30.13,385.57,425.03,,,stk2_40A
2024-01-31-17-50,61.49,40.52,409.74,364.41,21.39,30.45,387.73,428.25,,,stk2_40A
2024-02-01-11-16,65.14,38.38,396.35,354.8,20.82,29.92,382.23,420.61,,,stk2_40A
2024-02-01-12-17,65.38,36.7,403.42,354.21,23.23,30.14,383.59,420.29,,,stk2_40A
2024-02-01-13-06,62.21,35.04,402.31,358.92,24.95,30.8,384.57,419.61,,,stk2_40A
2024-02-01-13-51,64.69,36.04,409.89,360.38,23.13,30.25,386.46,422.5,,,stk2_40A
2024-02-01-14-40,62.02,32.22,400.15,355.4,22.2,30.51,385.09,417.31,,,stk2_40A
2024-02-01-15-26,61.32,37.88,401.49,362.32,23.35,30.53,386.78,424.66,,,stk2_40A
2024-02-01-16-12,61.95,39.77,402.45,361.39,24.63,30.24,386.55,426.31,,,stk2_40A
2024-02-01-16-59,64.54,36.45,398.0,358.15,26.42,30.19,387.0,423.45,,,stk2_40A
2024-02-05-11-19,66.36,39.96,403.62,354.46,23.38,30.42,386.97,426.93,,,stk2_40A
2024-02-05-13-00,64.87,38.13,408.47,355.56,24.18,31.08,387.1,425.23,,,stk2_40A
2024-02-05-13-45,66.64,39.22,405.44,363.25,26.41,31.19,390.27,429.49,,,stk2_40A
2024-02-05-14-31,66.17,39.47,409.46,359.24,24.88,31.04,390.72,430.19,,,stk2_40A
2024-02-05-15-17,66.08,38.54,403.36,363.56,23.88,31.02,390.38,428.92,,,stk2_40A
2024-02-05-16-05,66.67,36.52,401.15,359.28,28.33,31.39,391.11,427.63,,,stk2_40A
2024-02-05-16-51,64.75,37.99,408.24,363.77,25.25,31.5,390.27,428.26,,,stk2_40A
2024-02-05-17-53,65.7,43.87,397.49,361.24,23.11,30.93,388.79,432.66,,,stk2_40A
2024-02-06-10-20,63.29,39.32,402.82,353.82,23.01,30.7,383.09,422.41,,,stk2_40A
2024-02-06-11-06,61.6,38.04,405.19,357.66,23.74,30.59,386.5,424.53,,,stk2_40A
2024-02-06-11-52,62.71,36.34,396.87,353.96,21.75,30.66,387.75,424.1,,,stk2_40A
2024-02-06-12-57,64.03,43.78,413.15,358.21,22.33,30.11,387.94,431.73,,,stk2_40A
2024-02-06-13-44,65.1,40.74,398.1,360.23,24.79,30.65,387.87,428.61,,,stk2_40A
2024-02-06-14-30,65.03,35.61,403.37,354.68,23.92,30.02,388.78,424.39,,,stk2_40A
2024-02-06-15-16,65.43,35.45,402.75,362.77,23.81,30.28,388.71,424.15,,,stk2_40A
2024-02-06-16-03,63.33,37.31,396.83,359.25,21.96,30.2,388.65,425.96,,,stk2_40A
2024-02-06-16-49,57.48,7.83,382.11,363.42,20.16,30.25,382.11,389.94,,,stk2_40A
2024-02-07-11-06,63.7,41.2,399.12,357.2,20.74,30.08,383.25,424.45,,,stk2_40A
2024-02-07-12-02,64.14,35.59,401.96,357.22,25.01,30.58,386.46,422.05,,,stk2_40A
2024-02-07-13-02,62.15,41.18,401.93,360.2,22.55,29.82,386.41,427.59,,,stk2_40A
2024-02-07-13-49,65.37,37.77,398.62,363.4,26.37,29.82,388.13,425.9,,,stk2_40A
2024-02-07-14-34,62.7,38.34,402.31,359.77,20.1,30.23,388.37,426.71,,,stk2_40A
2024-02-07-15-20,64.09,31.22,406.28,358.91,25.99,30.57,389.02,420.24,,,stk2_40A
2024-02-07-16-06,61.7,36.01,391.96,363.39,21.12,29.67,386.64,422.65,,,stk2_40A
2024-02-07-16-59,64.63,33.85,392.14,357.68,20.63,29.48,386.38,420.23,,,stk2_40A
2024-02-07-17-47,62.41,34.82,411.15,363.91,22.09,29.78,387.11,421.93,,,stk2_40A
2024-02-14-11-18,66.36,39.82,401.69,361.02,23.12,31.4,389.63,429.45,,,stk2_40A
2024-02-14-12-03,63.4,39.06,410.38,361.33,27.98,31.07,390.22,429.27,,,stk2_40A
2024-02-14-13-09,64.09,41.6,403.23,358.51,26.7,31.26,388.98,430.58,,,stk2_40A
2024-02-14-13-55,64.84,39.74,406.68,365.82,24.67,30.65,392.21,431.96,,,stk2_40A
2024-02-14-14-43,66.65,42.95,416.67,361.27,25.07,31.37,391.75,434.7,,,stk2_40A
2024-02-14-15-29,65.85,38.32,403.92,365.55,25.57,30.83,393.76,432.08,,,stk2_40A
2024-02-14-16-19,66.0,41.21,406.44,368.23,22.33,30.92,391.26,432.48,,,stk2_40A
2024-02-14-17-07,68.94,44.09,406.83,361.85,24.1,31.9,391.96,436.05,,,stk2_40A
2024-02-15-13-54,65.69,35.5,402.24,356.15,26.7,30.33,385.85,421.35,,,stk2_40A
2024-02-15-15-02,64.52,40.35,399.86,354.83,21.29,30.7,385.77,426.12,,,stk2_40A
2024-02-15-15-56,63.7,38.91,399.59,361.28,24.0,30.4,386.27,425.19,,,stk2_40A
2024-02-15-16-55,65.17,36.52,401.59,359.7,25.58,30.34,386.27,422.79,,,stk2_40A
2024-02-15-17-58,65.34,38.57,403.11,356.21,24.78,30.38,387.1,425.66,,,stk2_40A
2024-02-19-11-15,65.83,41.69,402.33,358.61,23.31,31.26,385.68,427.36,,,stk2_40A
2024-02-19-12-04,64.69,43.04,406.75,356.74,22.33,31.63,387.61,430.65,,,stk2_40A
2024-02-19-13-12,64.62,46.07,401.85,359.93,24.38,31.61,386.43,432.5,,,stk2_40A
2024-02-19-13-59,66.15,39.7,414.58,358.22,23.31,33.04,390.25,429.95,,,stk2_40A
2024-02-19-15-11,66.17,39.49,404.86,363.43,24.35,32.13,389.26,428.76,,,stk2_40A
2024-02-19-15-59,65.35,38.81,406.98,362.34,24.5,32.11,389.5,428.31,,,stk2_40A
2024-02-19-16-24,66.65,37.75,404.81,360.39,27.11,31.58,386.67,424.42,,,stk2_40A
2024-02-19-17-36,68.51,42.63,412.19,357.9,25.53,31.98,391.67,434.3,,,stk2_40A
2024-02-20-11-32,65.83,40.21,396.64,358.35,21.46,30.24,385.26,425.47,,,stk2_40A
2024-02-20-12-46,65.19,40.46,404.26,354.32,24.79,30.57,385.25,425.71,,,stk2_40A
2024-02-20-13-33,64.33,37.69,396.85,357.61,24.99,31.28,387.46,425.15,,,stk2_40A
2024-02-20-14-46,63.79,36.19,397.69,364.52,23.3,30.94,389.93,426.11,,,stk2_40A
2024-02-20-15-32,66.32,33.63,401.75,359.25,22.38,30.86,389.88,423.51,,,stk2_40A
2024-02-20-16-29,63.68,37.31,400.62,363.85,21.94,30.75,388.66,425.98,,,stk2_40A
2024-02-20-16-49,65.26,39.13,407.83,358.96,21.73,31.03,389.08,428.2,,,stk2_40A
2024-02-21-11-06,65.52,38.57,394.82,353.15,22.68,31.43,384.65,423.23,,,stk2_40A
2024-02-21-12-34,66.12,39.87,401.65,359.76,25.41,30.18,386.66,426.53,,,stk2_40A
2024-02-21-13-20,65.1,38.12,398.7,362.8,24.06,30.74,389.36,427.49,,,stk2_40A
2024-02-21-14-06,64.82,38.05,411.48,355.68,22.72,30.77,389.49,427.54,,,stk2_40A
2024-02-21-14-55,65.66,40.93,404.46,360.18,22.63,30.65,389.24,430.17,,,stk2_40A
2024-02-21-15-41,64.75,35.7,405.87,358.38,24.57,31.52,388.64,424.34,,,stk2_40A
2024-02-21-16-26,64.75,39.34,411.38,357.91,23.02,30.99,388.65,427.99,,,stk2_40A
2024-02-21-17-12,64.42,37.63,397.57,358.99,23.32,30.84,387.76,425.4,,,stk2_40A
2024-02-22-11-24,65.08,36.13,401.18,356.13,21.79,30.21,386.16,422.29,,,stk2_40A
2024-02-22-12-53,66.4,36.14,405.72,356.11,23.99,30.48,386.44,422.58,,,stk2_40A
2024-02-22-13-43,64.3,37.43,404.96,358.28,22.56,31.0,386.83,424.26,,,stk2_40A
2024-02-22-14-30,64.07,50.16,409.05,358.89,28.68,31.92,388.37,438.53,,,stk2_40A
2024-02-22-15-20,64.79,56.03,413.88,361.37,29.1,31.77,388.48,444.51,,,stk2_40A
2024-02-22-16-06,54.03,33.87,387.56,357.65,18.97,25.2,377.99,411.86,,,stk2_40A
2024-02-22-16-52,60.33,35.71,398.87,358.07,21.39,27.79,384.0,419.72,,,stk2_40A
2024-02-22-18-10,61.02,40.69,390.31,359.64,22.83,28.75,381.88,422.57,,,stk2_40A
2024-02-26-10-18,62.82,38.78,390.12,349.67,20.77,29.85,378.54,417.33,,,stk2_40A
2024-02-26-11-03,62.4,36.86,401.28,353.27,23.27,29.78,381.88,418.74,,,stk2_40A
2024-02-26-12-07,61.1,39.41,391.07,352.03,20.72,29.32,379.02,418.43,,,stk2_40A
2024-02-26-13-06,61.24,37.68,396.33,352.32,26.01,29.4,379.67,417.35,,,stk2_40A
2024-02-26-13-58,61.51,38.3,395.08,353.88,20.66,29.82,381.26,419.56,,,stk2_40A
2024-02-26-14-52,61.8,39.88,395.92,354.42,21.62,29.25,380.88,420.77,,,stk2_40A
2024-02-26-15-38,62.17,37.84,391.55,355.4,21.73,29.16,383.23,421.08,,,stk2_40A
2024-02-26-16-30,61.47,41.54,400.78,354.56,22.34,29.39,381.88,423.41,,,stk2_40A
2024-02-26-17-16,63.03,37.21,399.68,356.65,21.41,29.7,383.58,420.79,,,stk2_40A
2024-02-27-11-07,61.59,40.64,392.85,351.81,25.91,29.51,379.28,419.91,,,stk2_40A
2024-02-27-11-58,62.73,37.68,407.54,354.21,21.0,29.33,382.65,420.32,,,stk2_40A
2024-02-27-13-14,62.53,42.6,398.81,353.66,21.52,29.01,381.45,424.05,,,stk2_40A
2024-02-27-14-00,61.65,37.32,402.1,356.12,25.13,30.01,383.73,421.06,,,stk2_40A
2024-02-27-14-45,62.14,37.39,397.4,356.2,21.04,29.32,384.19,421.58,,,stk2_40A
2024-02-27-15-39,63.64,34.4,397.13,359.24,25.44,28.89,384.09,418.48,,,stk2_40A
2024-02-27-16-25,62.35,34.64,408.02,353.11,20.83,29.18,384.13,418.77,,,stk2_40A
2024-02-27-17-11,64.0,34.89,396.43,360.67,23.07,29.1,385.32,420.21,,,stk2_40A
2024-02-27-17-57,62.95,36.64,394.44,352.11,22.43,29.53,384.66,421.3,,,stk2_40A
2024-02-28-10-54,63.15,39.57,398.35,355.37,22.0,28.5,380.91,420.48,,,stk2_40A
2024-02-28-11-57,62.61,38.18,397.07,352.87,21.6,29.52,381.75,419.92,,,stk2_40A
2024-02-28-13-10,64.29,37.17,400.22,357.61,24.18,29.14,382.95,420.12,,,stk2_40A
2024-02-28-13-59,62.25,33.93,397.54,360.05,22.54,29.54,383.97,417.9,,,stk2_40A
2024-02-28-14-47,62.33,37.26,399.94,355.51,22.89,29.81,383.78,421.04,,,stk2_40A
2024-02-28-15-43,62.39,38.21,404.59,355.43,20.71,29.33,383.31,421.51,,,stk2_40A
2024-02-28-16-30,62.25,36.35,397.82,356.95,20.5,29.46,384.52,420.87,,,stk2_40A
2024-02-28-17-16,98.89,22.65,434.43,354.87,32.51,29.1,422.33,444.98,,,stk2_40A
2024-02-28-18-04,63.9,38.11,400.24,371.07,19.96,29.09,395.56,433.66,,,stk2_40A
